ctime,relname,pid,mode,granted
1439983418.72888,customer,96884,RowExclusiveLock,t
1439983418.72888,lineitem,96887,RowExclusiveLock,t
1439983418.72888,nation,96907,ShareUpdateExclusiveLock,t
1439983418.72888,orders,96885,RowExclusiveLock,t
1439983418.72888,part,96882,RowExclusiveLock,t
1439983418.72888,partsupp,96883,RowExclusiveLock,t
1439983418.72888,pg_index,96924,AccessShareLock,t
1439983418.72888,pg_index,96925,AccessShareLock,t
1439983418.72888,pg_locks,96922,AccessShareLock,t
1439983418.72888,pg_namespace,96924,AccessShareLock,t
1439983418.72888,pg_namespace,96925,AccessShareLock,t
1439983418.72888,pg_stat_all_indexes,96924,AccessShareLock,t
1439983418.72888,pg_stat_all_tables,96925,AccessShareLock,t
1439983418.72888,pg_statio_all_indexes,96924,AccessShareLock,t
1439983418.72888,pg_statio_all_tables,96925,AccessShareLock,t
1439983418.72888,pk_nation,96907,AccessShareLock,t
1439983418.72888,pk_region,96920,AccessShareLock,t
1439983418.72888,region,96920,ShareUpdateExclusiveLock,t
1439983418.72888,supplier,96880,RowExclusiveLock,t
1439983478.73408,customer,96884,RowExclusiveLock,t
1439983478.73408,lineitem,96887,RowExclusiveLock,t
1439983478.73408,orders,96885,RowExclusiveLock,t
1439983478.73408,part,96882,RowExclusiveLock,t
1439983478.73408,partsupp,96883,RowExclusiveLock,t
1439983478.73408,pg_index,96944,AccessShareLock,t
1439983478.73408,pg_index,96945,AccessShareLock,t
1439983478.73408,pg_locks,96946,AccessShareLock,t
1439983478.73408,pg_namespace,96945,AccessShareLock,t
1439983478.73408,pg_stat_activity,96943,AccessShareLock,t
1439983478.73408,pg_stat_all_indexes,96945,AccessShareLock,t
1439983478.73408,pg_stat_all_tables,96944,AccessShareLock,t
1439983478.73408,pg_stat_database,96942,AccessShareLock,t
1439983478.73408,pg_statio_all_indexes,96945,AccessShareLock,t
1439983478.73408,pg_statio_all_tables,96944,AccessShareLock,t
1439983538.73296,customer,96956,ShareLock,f
1439983538.73296,customer,96955,ShareLock,f
1439983538.73296,customer,96958,ShareLock,f
1439983538.73296,customer,96957,ShareLock,f
1439983538.73296,customer,96954,ShareLock,t
1439983538.73296,customer,96954,AccessExclusiveLock,t
1439983538.73296,lineitem,96887,RowExclusiveLock,t
1439983538.73296,orders,96885,RowExclusiveLock,t
1439983538.73296,part,96882,RowExclusiveLock,t
1439983538.73296,partsupp,96883,RowExclusiveLock,t
1439983538.73296,pg_index,96967,AccessShareLock,t
1439983538.73296,pg_locks,96965,AccessShareLock,t
1439983538.73296,pg_stat_activity,96966,AccessShareLock,t
1439983538.73296,pg_stat_all_indexes,96967,AccessShareLock,t
1439983538.73296,pg_stat_all_tables,96968,AccessShareLock,t
1439983538.73296,pg_stat_database,96969,AccessShareLock,t
1439983538.73296,pg_statio_all_indexes,96967,AccessShareLock,t
1439983538.73296,pg_statio_all_tables,96968,AccessShareLock,t
1439983598.73449,lineitem,96887,RowExclusiveLock,t
1439983598.73449,orders,96885,RowExclusiveLock,t
1439983598.73449,part,96978,ShareLock,f
1439983598.73449,part,96979,ShareLock,f
1439983598.73449,part,96975,ShareLock,t
1439983598.73449,part,96976,AccessExclusiveLock,f
1439983598.73449,part,96977,ShareLock,t
1439983598.73449,partsupp,96883,RowExclusiveLock,t
1439983598.73449,partsupp,96883,ExclusiveLock,t
1439983598.73449,pg_cast,96994,AccessShareLock,t
1439983598.73449,pg_cast_source_target_index,96994,AccessShareLock,t
1439983598.73449,pg_locks,96990,AccessShareLock,t
1439983598.73449,pg_stat_activity,96992,AccessShareLock,t
1439983598.73449,pg_stat_all_indexes,96994,AccessShareLock,t
1439983598.73449,pg_stat_all_tables,96993,AccessShareLock,t
1439983598.73449,pg_stat_database,96991,AccessShareLock,t
1439983598.73449,pg_statio_all_indexes,96994,AccessShareLock,t
1439983598.73449,pg_statio_all_tables,96993,AccessShareLock,t
1439983658.73891,lineitem,96887,RowExclusiveLock,t
1439983658.73891,orders,96885,RowExclusiveLock,t
1439983658.73891,part,96979,ShareLock,f
1439983658.73891,part,96976,ShareLock,t
1439983658.73891,part,96976,AccessExclusiveLock,t
1439983658.73891,part,96978,ShareLock,f
1439983658.73891,partsupp,96883,RowExclusiveLock,t
1439983658.73891,pg_index,97004,AccessShareLock,t
1439983658.73891,pg_locks,97006,AccessShareLock,t
1439983658.73891,pg_stat_activity,97003,AccessShareLock,t
1439983658.73891,pg_stat_all_indexes,97007,AccessShareLock,t
1439983658.73891,pg_stat_all_tables,97004,AccessShareLock,t
1439983658.73891,pg_stat_database,97005,AccessShareLock,t
1439983658.73891,pg_statio_all_indexes,97007,AccessShareLock,t
1439983658.73891,pg_statio_all_tables,97004,AccessShareLock,t
1439983718.73831,lineitem,96887,RowExclusiveLock,t
1439983718.73831,orders,96885,RowExclusiveLock,t
1439983718.73831,part,97011,ShareUpdateExclusiveLock,t
1439983718.73831,part_p_container_p_brand_p_partkey_idx,97011,RowExclusiveLock,t
1439983718.73831,part_p_name_idx,97011,RowExclusiveLock,t
1439983718.73831,part_p_size_idx,97011,RowExclusiveLock,t
1439983718.73831,part_p_type_p_partkey_idx,97011,RowExclusiveLock,t
1439983718.73831,partsupp,96883,RowExclusiveLock,t
1439983718.73831,pg_locks,97018,AccessShareLock,t
1439983718.73831,pg_stat_activity,97022,AccessShareLock,t
1439983718.73831,pg_stat_all_indexes,97020,AccessShareLock,t
1439983718.73831,pg_stat_all_tables,97021,AccessShareLock,t
1439983718.73831,pg_stat_database,97019,AccessShareLock,t
1439983718.73831,pg_statio_all_indexes,97020,AccessShareLock,t
1439983718.73831,pg_statio_all_tables,97021,AccessShareLock,t
1439983718.73831,pk_part,97011,RowExclusiveLock,t
1439983778.74059,lineitem,96887,RowExclusiveLock,t
1439983778.74059,orders,96885,ExclusiveLock,t
1439983778.74059,orders,96885,RowExclusiveLock,t
1439983778.74059,partsupp,96883,RowExclusiveLock,t
1439983778.74059,pg_index,97034,AccessShareLock,t
1439983778.74059,pg_index,97033,AccessShareLock,t
1439983778.74059,pg_locks,97032,AccessShareLock,t
1439983778.74059,pg_namespace,97033,AccessShareLock,t
1439983778.74059,pg_stat_activity,97031,AccessShareLock,t
1439983778.74059,pg_stat_all_indexes,97033,AccessShareLock,t
1439983778.74059,pg_stat_all_tables,97034,AccessShareLock,t
1439983778.74059,pg_stat_database,97035,AccessShareLock,t
1439983778.74059,pg_statio_all_indexes,97033,AccessShareLock,t
1439983778.74059,pg_statio_all_tables,97034,AccessShareLock,t
1439983838.74238,lineitem,96887,RowExclusiveLock,t
1439983838.74238,orders,96885,RowExclusiveLock,t
1439983838.74238,partsupp,97038,ShareLock,t
1439983838.74238,partsupp,97039,ShareLock,f
1439983838.74238,partsupp,97038,AccessExclusiveLock,t
1439983838.74238,pg_index,97056,AccessShareLock,t
1439983838.74238,pg_index,97058,AccessShareLock,t
1439983838.74238,pg_locks,97057,AccessShareLock,t
1439983838.74238,pg_namespace,97056,AccessShareLock,t
1439983838.74238,pg_stat_all_indexes,97056,AccessShareLock,t
1439983838.74238,pg_stat_all_tables,97058,AccessShareLock,t
1439983838.74238,pg_stat_database,97059,AccessShareLock,t
1439983838.74238,pg_statio_all_indexes,97056,AccessShareLock,t
1439983838.74238,pg_statio_all_tables,97058,AccessShareLock,t
1439983898.74354,lineitem,96887,RowExclusiveLock,t
1439983898.74354,orders,96885,ExclusiveLock,t
1439983898.74354,orders,96885,RowExclusiveLock,t
1439983898.74354,partsupp,97039,ShareLock,t
1439983898.74354,pg_locks,97069,AccessShareLock,t
1439983898.74354,pg_stat_activity,97070,AccessShareLock,t
1439983898.74354,pg_stat_all_indexes,97071,AccessShareLock,t
1439983898.74354,pg_stat_all_tables,97073,AccessShareLock,t
1439983898.74354,pg_stat_database,97072,AccessShareLock,t
1439983898.74354,pg_statio_all_indexes,97071,AccessShareLock,t
1439983898.74354,pg_statio_all_tables,97073,AccessShareLock,t
1439983958.74598,lineitem,96887,RowExclusiveLock,t
1439983958.74598,orders,96885,RowExclusiveLock,t
1439983958.74598,pg_index,97086,AccessShareLock,t
1439983958.74598,pg_index,97087,AccessShareLock,t
1439983958.74598,pg_locks,97085,AccessShareLock,t
1439983958.74598,pg_namespace,97086,AccessShareLock,t
1439983958.74598,pg_stat_activity,97084,AccessShareLock,t
1439983958.74598,pg_stat_all_indexes,97086,AccessShareLock,t
1439983958.74598,pg_stat_all_tables,97087,AccessShareLock,t
1439983958.74598,pg_stat_database,97088,AccessShareLock,t
1439983958.74598,pg_statio_all_indexes,97086,AccessShareLock,t
1439983958.74598,pg_statio_all_tables,97087,AccessShareLock,t
1439984018.74733,lineitem,96887,RowExclusiveLock,t
1439984018.74733,orders,96885,RowExclusiveLock,t
1439984018.74733,pg_index,97101,AccessShareLock,t
1439984018.74733,pg_index,97098,AccessShareLock,t
1439984018.74733,pg_locks,97097,AccessShareLock,t
1439984018.74733,pg_stat_activity,97100,AccessShareLock,t
1439984018.74733,pg_stat_all_indexes,97101,AccessShareLock,t
1439984018.74733,pg_stat_all_tables,97098,AccessShareLock,t
1439984018.74733,pg_stat_database,97099,AccessShareLock,t
1439984018.74733,pg_statio_all_indexes,97101,AccessShareLock,t
1439984018.74733,pg_statio_all_tables,97098,AccessShareLock,t
1439984078.74903,lineitem,96887,RowExclusiveLock,t
1439984078.74903,orders,96885,RowExclusiveLock,t
1439984078.74903,pg_amop,97113,AccessShareLock,t
1439984078.74903,pg_amop_fam_strat_index,97113,AccessShareLock,t
1439984078.74903,pg_locks,97110,AccessShareLock,t
1439984078.74903,pg_namespace,97114,AccessShareLock,t
1439984078.74903,pg_stat_activity,97113,AccessShareLock,t
1439984078.74903,pg_stat_all_indexes,97112,AccessShareLock,t
1439984078.74903,pg_stat_all_tables,97114,AccessShareLock,t
1439984078.74903,pg_stat_database,97111,AccessShareLock,t
1439984078.74903,pg_statio_all_indexes,97112,AccessShareLock,t
1439984078.74903,pg_statio_all_tables,97114,AccessShareLock,t
1439984138.75153,lineitem,96887,RowExclusiveLock,t
1439984138.75153,orders,97118,ShareLock,t
1439984138.75153,orders,97119,AccessExclusiveLock,f
1439984138.75153,orders,97120,ShareLock,f
1439984138.75153,pg_locks,97131,AccessShareLock,t
1439984138.75153,pg_stat_activity,97130,AccessShareLock,t
1439984138.75153,pg_stat_all_indexes,97133,AccessShareLock,t
1439984138.75153,pg_stat_all_tables,97132,AccessShareLock,t
1439984138.75153,pg_stat_database,97129,AccessShareLock,t
1439984138.75153,pg_statio_all_indexes,97133,AccessShareLock,t
1439984138.75153,pg_statio_all_tables,97132,AccessShareLock,t
1439984198.75353,lineitem,96887,RowExclusiveLock,t
1439984198.75353,orders,97120,ShareLock,f
1439984198.75353,orders,97118,ShareLock,t
1439984198.75353,orders,97119,AccessExclusiveLock,f
1439984198.75353,pg_index,97145,AccessShareLock,t
1439984198.75353,pg_locks,97143,AccessShareLock,t
1439984198.75353,pg_stat_activity,97144,AccessShareLock,t
1439984198.75353,pg_stat_all_indexes,97145,AccessShareLock,t
1439984198.75353,pg_stat_all_tables,97146,AccessShareLock,t
1439984198.75353,pg_stat_database,97142,AccessShareLock,t
1439984198.75353,pg_statio_all_indexes,97145,AccessShareLock,t
1439984198.75353,pg_statio_all_tables,97146,AccessShareLock,t
1439984258.75538,lineitem,96887,RowExclusiveLock,t
1439984258.75538,orders,97118,ShareLock,t
1439984258.75538,orders,97119,AccessExclusiveLock,f
1439984258.75538,orders,97120,ShareLock,f
1439984258.75538,pg_locks,97155,AccessShareLock,t
1439984258.75538,pg_namespace,97159,AccessShareLock,t
1439984258.75538,pg_namespace_nspname_index,97159,AccessShareLock,t
1439984258.75538,pg_stat_activity,97157,AccessShareLock,t
1439984258.75538,pg_stat_all_indexes,97159,AccessShareLock,t
1439984258.75538,pg_stat_all_tables,97158,AccessShareLock,t
1439984258.75538,pg_stat_database,97156,AccessShareLock,t
1439984258.75538,pg_statio_all_indexes,97159,AccessShareLock,t
1439984258.75538,pg_statio_all_tables,97158,AccessShareLock,t
1439984318.75775,lineitem,96887,RowExclusiveLock,t
1439984318.75775,orders,97119,AccessExclusiveLock,t
1439984318.75775,orders,97119,ShareLock,t
1439984318.75775,orders,97120,ShareLock,f
1439984318.75775,pg_index,97171,AccessShareLock,t
1439984318.75775,pg_index,97173,AccessShareLock,t
1439984318.75775,pg_locks,97172,AccessShareLock,t
1439984318.75775,pg_namespace,97173,AccessShareLock,t
1439984318.75775,pg_stat_activity,97170,AccessShareLock,t
1439984318.75775,pg_stat_all_indexes,97173,AccessShareLock,t
1439984318.75775,pg_stat_all_tables,97171,AccessShareLock,t
1439984318.75775,pg_stat_database,97169,AccessShareLock,t
1439984318.75775,pg_statio_all_indexes,97173,AccessShareLock,t
1439984318.75775,pg_statio_all_tables,97171,AccessShareLock,t
1439984378.7596,lineitem,96887,RowExclusiveLock,t
1439984378.7596,orders,97119,AccessExclusiveLock,t
1439984378.7596,orders,97119,ShareLock,t
1439984378.7596,orders,97120,ShareLock,f
1439984378.7596,pg_index,97183,AccessShareLock,t
1439984378.7596,pg_index,97185,AccessShareLock,t
1439984378.7596,pg_locks,97186,AccessShareLock,t
1439984378.7596,pg_namespace,97185,AccessShareLock,t
1439984378.7596,pg_namespace,97183,AccessShareLock,t
1439984378.7596,pg_stat_all_indexes,97185,AccessShareLock,t
1439984378.7596,pg_stat_all_tables,97183,AccessShareLock,t
1439984378.7596,pg_stat_database,97184,AccessShareLock,t
1439984378.7596,pg_statio_all_indexes,97185,AccessShareLock,t
1439984378.7596,pg_statio_all_tables,97183,AccessShareLock,t
1439984438.76144,lineitem,96887,RowExclusiveLock,t
1439984438.76144,orders,97120,ShareLock,t
1439984438.76144,pg_index,97202,AccessShareLock,t
1439984438.76144,pg_locks,97203,AccessShareLock,t
1439984438.76144,pg_namespace,97202,AccessShareLock,t
1439984438.76144,pg_stat_activity,97204,AccessShareLock,t
1439984438.76144,pg_stat_all_indexes,97206,AccessShareLock,t
1439984438.76144,pg_stat_all_tables,97202,AccessShareLock,t
1439984438.76144,pg_stat_database,97205,AccessShareLock,t
1439984438.76144,pg_statio_all_indexes,97206,AccessShareLock,t
1439984438.76144,pg_statio_all_tables,97202,AccessShareLock,t
1439984498.76297,lineitem,96887,RowExclusiveLock,t
1439984498.76297,pg_locks,97218,AccessShareLock,t
1439984498.76297,pg_namespace,97221,AccessShareLock,t
1439984498.76297,pg_namespace_nspname_index,97221,AccessShareLock,t
1439984498.76297,pg_rewrite,97219,AccessShareLock,t
1439984498.76297,pg_rewrite_rel_rulename_index,97219,AccessShareLock,t
1439984498.76297,pg_stat_activity,97219,AccessShareLock,t
1439984498.76297,pg_stat_all_indexes,97221,AccessShareLock,t
1439984498.76297,pg_stat_all_tables,97220,AccessShareLock,t
1439984498.76297,pg_stat_database,97217,AccessShareLock,t
1439984498.76297,pg_statio_all_indexes,97221,AccessShareLock,t
1439984498.76297,pg_statio_all_tables,97220,AccessShareLock,t
1439984558.76596,lineitem,96887,RowExclusiveLock,t
1439984558.76596,pg_locks,97233,AccessShareLock,t
1439984558.76596,pg_stat_all_indexes,97234,AccessShareLock,t
1439984558.76596,pg_stat_all_tables,97232,AccessShareLock,t
1439984558.76596,pg_stat_database,97231,AccessShareLock,t
1439984558.76596,pg_statio_all_indexes,97234,AccessShareLock,t
1439984558.76596,pg_statio_all_tables,97232,AccessShareLock,t
1439984618.76773,lineitem,96887,RowExclusiveLock,t
1439984618.76773,pg_amproc,97246,AccessShareLock,t
1439984618.76773,pg_amproc_fam_proc_index,97246,AccessShareLock,t
1439984618.76773,pg_locks,97243,AccessShareLock,t
1439984618.76773,pg_stat_activity,97246,AccessShareLock,t
1439984618.76773,pg_stat_all_indexes,97247,AccessShareLock,t
1439984618.76773,pg_stat_all_tables,97245,AccessShareLock,t
1439984618.76773,pg_stat_database,97244,AccessShareLock,t
1439984618.76773,pg_statio_all_indexes,97247,AccessShareLock,t
1439984618.76773,pg_statio_all_tables,97245,AccessShareLock,t
1439984678.76985,lineitem,96887,RowExclusiveLock,t
1439984678.76985,pg_index,97260,AccessShareLock,t
1439984678.76985,pg_locks,97256,AccessShareLock,t
1439984678.76985,pg_namespace,97260,AccessShareLock,t
1439984678.76985,pg_stat_activity,97257,AccessShareLock,t
1439984678.76985,pg_stat_all_indexes,97260,AccessShareLock,t
1439984678.76985,pg_stat_all_tables,97259,AccessShareLock,t
1439984678.76985,pg_stat_database,97258,AccessShareLock,t
1439984678.76985,pg_statio_all_indexes,97260,AccessShareLock,t
1439984678.76985,pg_statio_all_tables,97259,AccessShareLock,t
1439984738.77138,lineitem,96887,RowExclusiveLock,t
1439984738.77138,lineitem,96887,ExclusiveLock,t
1439984738.77138,pg_index,97269,AccessShareLock,t
1439984738.77138,pg_locks,97270,AccessShareLock,t
1439984738.77138,pg_namespace,97269,AccessShareLock,t
1439984738.77138,pg_operator,97271,AccessShareLock,t
1439984738.77138,pg_operator_oprname_l_r_n_index,97271,AccessShareLock,t
1439984738.77138,pg_stat_activity,97273,AccessShareLock,t
1439984738.77138,pg_stat_all_indexes,97269,AccessShareLock,t
1439984738.77138,pg_stat_all_tables,97271,AccessShareLock,t
1439984738.77138,pg_stat_database,97272,AccessShareLock,t
1439984738.77138,pg_statio_all_indexes,97269,AccessShareLock,t
1439984738.77138,pg_statio_all_tables,97271,AccessShareLock,t
1439984798.77415,lineitem,96887,RowExclusiveLock,t
1439984798.77415,pg_index,97283,AccessShareLock,t
1439984798.77415,pg_index,97285,AccessShareLock,t
1439984798.77415,pg_locks,97284,AccessShareLock,t
1439984798.77415,pg_namespace,97285,AccessShareLock,t
1439984798.77415,pg_namespace,97283,AccessShareLock,t
1439984798.77415,pg_stat_activity,97282,AccessShareLock,t
1439984798.77415,pg_stat_all_indexes,97285,AccessShareLock,t
1439984798.77415,pg_stat_all_tables,97283,AccessShareLock,t
1439984798.77415,pg_stat_database,97286,AccessShareLock,t
1439984798.77415,pg_statio_all_indexes,97285,AccessShareLock,t
1439984798.77415,pg_statio_all_tables,97283,AccessShareLock,t
1439984858.77587,lineitem,96887,RowExclusiveLock,t
1439984858.77587,pg_index,97297,AccessShareLock,t
1439984858.77587,pg_locks,97296,AccessShareLock,t
1439984858.77587,pg_rewrite,97300,AccessShareLock,t
1439984858.77587,pg_rewrite_rel_rulename_index,97300,AccessShareLock,t
1439984858.77587,pg_stat_activity,97298,AccessShareLock,t
1439984858.77587,pg_stat_all_indexes,97300,AccessShareLock,t
1439984858.77587,pg_stat_all_tables,97297,AccessShareLock,t
1439984858.77587,pg_stat_database,97299,AccessShareLock,t
1439984858.77587,pg_statio_all_indexes,97300,AccessShareLock,t
1439984858.77587,pg_statio_all_tables,97297,AccessShareLock,t
1439984918.77837,lineitem,96887,RowExclusiveLock,t
1439984918.77837,pg_amproc,97310,AccessShareLock,t
1439984918.77837,pg_amproc_fam_proc_index,97310,AccessShareLock,t
1439984918.77837,pg_index,97312,AccessShareLock,t
1439984918.77837,pg_locks,97311,AccessShareLock,t
1439984918.77837,pg_namespace,97312,AccessShareLock,t
1439984918.77837,pg_stat_activity,97310,AccessShareLock,t
1439984918.77837,pg_stat_all_indexes,97312,AccessShareLock,t
1439984918.77837,pg_stat_all_tables,97313,AccessShareLock,t
1439984918.77837,pg_stat_database,97309,AccessShareLock,t
1439984918.77837,pg_statio_all_indexes,97312,AccessShareLock,t
1439984918.77837,pg_statio_all_tables,97313,AccessShareLock,t
1439984978.7796,lineitem,96887,RowExclusiveLock,t
1439984978.7796,pg_index,97325,AccessShareLock,t
1439984978.7796,pg_index,97326,AccessShareLock,t
1439984978.7796,pg_locks,97323,AccessShareLock,t
1439984978.7796,pg_namespace,97326,AccessShareLock,t
1439984978.7796,pg_stat_activity,97322,AccessShareLock,t
1439984978.7796,pg_stat_all_indexes,97326,AccessShareLock,t
1439984978.7796,pg_stat_all_tables,97325,AccessShareLock,t
1439984978.7796,pg_stat_database,97324,AccessShareLock,t
1439984978.7796,pg_statio_all_indexes,97326,AccessShareLock,t
1439984978.7796,pg_statio_all_tables,97325,AccessShareLock,t
1439984978.7796,pg_statistic,97322,AccessShareLock,t
1439984978.7796,pg_statistic_relid_att_inh_index,97322,AccessShareLock,t
1439985038.78137,lineitem,96887,RowExclusiveLock,t
1439985038.78137,pg_index,97345,AccessShareLock,t
1439985038.78137,pg_locks,97343,AccessShareLock,t
1439985038.78137,pg_stat_activity,97344,AccessShareLock,t
1439985038.78137,pg_stat_all_indexes,97345,AccessShareLock,t
1439985038.78137,pg_stat_all_tables,97346,AccessShareLock,t
1439985038.78137,pg_stat_database,97342,AccessShareLock,t
1439985038.78137,pg_statio_all_indexes,97345,AccessShareLock,t
1439985038.78137,pg_statio_all_tables,97346,AccessShareLock,t
1439985098.78377,lineitem,96887,RowExclusiveLock,t
1439985098.78377,pg_index,97355,AccessShareLock,t
1439985098.78377,pg_index,97357,AccessShareLock,t
1439985098.78377,pg_index_indexrelid_index,97355,AccessShareLock,t
1439985098.78377,pg_index_indrelid_index,97355,AccessShareLock,t
1439985098.78377,pg_locks,97358,AccessShareLock,t
1439985098.78377,pg_namespace,97355,AccessShareLock,t
1439985098.78377,pg_namespace_nspname_index,97355,AccessShareLock,t
1439985098.78377,pg_namespace_oid_index,97355,AccessShareLock,t
1439985098.78377,pg_stat_all_indexes,97355,AccessShareLock,t
1439985098.78377,pg_stat_all_tables,97357,AccessShareLock,t
1439985098.78377,pg_stat_database,97359,AccessShareLock,t
1439985098.78377,pg_statio_all_indexes,97355,AccessShareLock,t
1439985098.78377,pg_statio_all_tables,97357,AccessShareLock,t
1439985158.78599,lineitem,96887,RowExclusiveLock,t
1439985158.78599,pg_index,97371,AccessShareLock,t
1439985158.78599,pg_locks,97368,AccessShareLock,t
1439985158.78599,pg_namespace,97371,AccessShareLock,t
1439985158.78599,pg_stat_activity,97370,AccessShareLock,t
1439985158.78599,pg_stat_all_indexes,97371,AccessShareLock,t
1439985158.78599,pg_stat_all_tables,97372,AccessShareLock,t
1439985158.78599,pg_stat_database,97369,AccessShareLock,t
1439985158.78599,pg_statio_all_indexes,97371,AccessShareLock,t
1439985158.78599,pg_statio_all_tables,97372,AccessShareLock,t
1439985218.78746,lineitem,96887,RowExclusiveLock,t
1439985218.78746,pg_locks,97381,AccessShareLock,t
1439985218.78746,pg_stat_activity,97383,AccessShareLock,t
1439985218.78746,pg_stat_all_indexes,97385,AccessShareLock,t
1439985218.78746,pg_stat_all_tables,97384,AccessShareLock,t
1439985218.78746,pg_stat_database,97382,AccessShareLock,t
1439985218.78746,pg_statio_all_indexes,97385,AccessShareLock,t
1439985218.78746,pg_statio_all_tables,97384,AccessShareLock,t
1439985278.78982,lineitem,96887,RowExclusiveLock,t
1439985278.78982,pg_locks,97395,AccessShareLock,t
1439985278.78982,pg_rewrite,97398,AccessShareLock,t
1439985278.78982,pg_rewrite,97396,AccessShareLock,t
1439985278.78982,pg_rewrite_rel_rulename_index,97396,AccessShareLock,t
1439985278.78982,pg_rewrite_rel_rulename_index,97398,AccessShareLock,t
1439985278.78982,pg_stat_activity,97397,AccessShareLock,t
1439985278.78982,pg_stat_all_indexes,97398,AccessShareLock,t
1439985278.78982,pg_stat_database,97394,AccessShareLock,t
1439985278.78982,pg_statio_all_indexes,97398,AccessShareLock,t
1439985278.78982,pg_statio_all_tables,97396,AccessShareLock,t
1439985338.79321,lineitem,96887,RowExclusiveLock,t
1439985338.79321,pg_index,97409,AccessShareLock,t
1439985338.79321,pg_index,97411,AccessShareLock,t
1439985338.79321,pg_index_indexrelid_index,97409,AccessShareLock,t
1439985338.79321,pg_index_indexrelid_index,97411,AccessShareLock,t
1439985338.79321,pg_index_indrelid_index,97411,AccessShareLock,t
1439985338.79321,pg_index_indrelid_index,97409,AccessShareLock,t
1439985338.79321,pg_locks,97410,AccessShareLock,t
1439985338.79321,pg_namespace,97411,AccessShareLock,t
1439985338.79321,pg_namespace,97409,AccessShareLock,t
1439985338.79321,pg_namespace_nspname_index,97409,AccessShareLock,t
1439985338.79321,pg_namespace_nspname_index,97411,AccessShareLock,t
1439985338.79321,pg_namespace_oid_index,97411,AccessShareLock,t
1439985338.79321,pg_namespace_oid_index,97409,AccessShareLock,t
1439985338.79321,pg_stat_all_indexes,97411,AccessShareLock,t
1439985338.79321,pg_stat_all_tables,97409,AccessShareLock,t
1439985338.79321,pg_stat_database,97407,AccessShareLock,t
1439985338.79321,pg_statio_all_indexes,97411,AccessShareLock,t
1439985338.79321,pg_statio_all_tables,97409,AccessShareLock,t
1439985398.79503,lineitem,96887,RowExclusiveLock,t
1439985398.79503,pg_index,97424,AccessShareLock,t
1439985398.79503,pg_index,97422,AccessShareLock,t
1439985398.79503,pg_locks,97421,AccessShareLock,t
1439985398.79503,pg_namespace,97424,AccessShareLock,t
1439985398.79503,pg_stat_activity,97423,AccessShareLock,t
1439985398.79503,pg_stat_all_indexes,97424,AccessShareLock,t
1439985398.79503,pg_stat_all_tables,97422,AccessShareLock,t
1439985398.79503,pg_stat_database,97420,AccessShareLock,t
1439985398.79503,pg_statio_all_indexes,97424,AccessShareLock,t
1439985398.79503,pg_statio_all_tables,97422,AccessShareLock,t
1439985458.7975,lineitem,96887,RowExclusiveLock,t
1439985458.7975,pg_index,97436,AccessShareLock,t
1439985458.7975,pg_index,97435,AccessShareLock,t
1439985458.7975,pg_locks,97437,AccessShareLock,t
1439985458.7975,pg_namespace,97436,AccessShareLock,t
1439985458.7975,pg_rewrite,97434,AccessShareLock,t
1439985458.7975,pg_rewrite_rel_rulename_index,97434,AccessShareLock,t
1439985458.7975,pg_stat_activity,97434,AccessShareLock,t
1439985458.7975,pg_stat_all_indexes,97436,AccessShareLock,t
1439985458.7975,pg_stat_all_tables,97435,AccessShareLock,t
1439985458.7975,pg_stat_database,97433,AccessShareLock,t
1439985458.7975,pg_statio_all_indexes,97436,AccessShareLock,t
1439985458.7975,pg_statio_all_tables,97435,AccessShareLock,t
1439985518.80034,lineitem,96887,RowExclusiveLock,t
1439985518.80034,pg_cast,97447,AccessShareLock,t
1439985518.80034,pg_cast_source_target_index,97447,AccessShareLock,t
1439985518.80034,pg_index,97447,AccessShareLock,t
1439985518.80034,pg_index,97446,AccessShareLock,t
1439985518.80034,pg_index_indexrelid_index,97447,AccessShareLock,t
1439985518.80034,pg_index_indrelid_index,97447,AccessShareLock,t
1439985518.80034,pg_index_indrelid_index,97446,AccessShareLock,t
1439985518.80034,pg_locks,97450,AccessShareLock,t
1439985518.80034,pg_namespace,97447,AccessShareLock,t
1439985518.80034,pg_namespace,97446,AccessShareLock,t
1439985518.80034,pg_namespace_nspname_index,97447,AccessShareLock,t
1439985518.80034,pg_namespace_oid_index,97447,AccessShareLock,t
1439985518.80034,pg_opclass,97447,AccessShareLock,t
1439985518.80034,pg_opclass_am_name_nsp_index,97447,AccessShareLock,t
1439985518.80034,pg_stat_all_indexes,97447,AccessShareLock,t
1439985518.80034,pg_stat_all_tables,97446,AccessShareLock,t
1439985518.80034,pg_stat_database,97448,AccessShareLock,t
1439985518.80034,pg_statio_all_indexes,97447,AccessShareLock,t
1439985518.80034,pg_statio_all_tables,97446,AccessShareLock,t
1439985578.80129,lineitem,96887,RowExclusiveLock,t
1439985578.80129,pg_index,97459,AccessShareLock,t
1439985578.80129,pg_locks,97460,AccessShareLock,t
1439985578.80129,pg_rewrite,97461,AccessShareLock,t
1439985578.80129,pg_rewrite_rel_rulename_index,97461,AccessShareLock,t
1439985578.80129,pg_stat_all_indexes,97461,AccessShareLock,t
1439985578.80129,pg_stat_all_tables,97459,AccessShareLock,t
1439985578.80129,pg_stat_database,97462,AccessShareLock,t
1439985578.80129,pg_statio_all_tables,97459,AccessShareLock,t
1439985638.80381,lineitem,96887,RowExclusiveLock,t
1439985638.80381,pg_index,97483,AccessShareLock,t
1439985638.80381,pg_index,97482,AccessShareLock,t
1439985638.80381,pg_locks,97481,AccessShareLock,t
1439985638.80381,pg_namespace,97482,AccessShareLock,t
1439985638.80381,pg_namespace,97483,AccessShareLock,t
1439985638.80381,pg_stat_all_indexes,97483,AccessShareLock,t
1439985638.80381,pg_stat_all_tables,97482,AccessShareLock,t
1439985638.80381,pg_stat_database,97479,AccessShareLock,t
1439985638.80381,pg_statio_all_indexes,97483,AccessShareLock,t
1439985638.80381,pg_statio_all_tables,97482,AccessShareLock,t
1439985698.8049,lineitem,96887,RowExclusiveLock,t
1439985698.8049,lineitem,96887,ExclusiveLock,t
1439985698.8049,pg_index,97515,AccessShareLock,t
1439985698.8049,pg_locks,97512,AccessShareLock,t
1439985698.8049,pg_rewrite,97516,AccessShareLock,t
1439985698.8049,pg_rewrite_rel_rulename_index,97516,AccessShareLock,t
1439985698.8049,pg_stat_activity,97513,AccessShareLock,t
1439985698.8049,pg_stat_all_indexes,97515,AccessShareLock,t
1439985698.8049,pg_stat_database,97514,AccessShareLock,t
1439985698.8049,pg_statio_all_indexes,97515,AccessShareLock,t
1439985698.8049,pg_statio_all_tables,97516,AccessShareLock,t
1439985758.80783,lineitem,96887,RowExclusiveLock,t
1439985758.80783,pg_amop,97525,AccessShareLock,t
1439985758.80783,pg_amop_opr_fam_index,97525,AccessShareLock,t
1439985758.80783,pg_index,97525,AccessShareLock,t
1439985758.80783,pg_locks,97528,AccessShareLock,t
1439985758.80783,pg_namespace,97525,AccessShareLock,t
1439985758.80783,pg_rewrite,97529,AccessShareLock,t
1439985758.80783,pg_rewrite_rel_rulename_index,97529,AccessShareLock,t
1439985758.80783,pg_stat_activity,97526,AccessShareLock,t
1439985758.80783,pg_stat_all_indexes,97529,AccessShareLock,t
1439985758.80783,pg_stat_all_tables,97525,AccessShareLock,t
1439985758.80783,pg_stat_database,97527,AccessShareLock,t
1439985758.80783,pg_statio_all_indexes,97529,AccessShareLock,t
1439985758.80783,pg_statio_all_tables,97525,AccessShareLock,t
1439985818.81031,lineitem,96887,RowExclusiveLock,t
1439985818.81031,pg_amop,97539,AccessShareLock,t
1439985818.81031,pg_amop_opr_fam_index,97539,AccessShareLock,t
1439985818.81031,pg_index,97542,AccessShareLock,t
1439985818.81031,pg_index,97539,AccessShareLock,t
1439985818.81031,pg_index_indexrelid_index,97539,AccessShareLock,t
1439985818.81031,pg_index_indrelid_index,97539,AccessShareLock,t
1439985818.81031,pg_locks,97541,AccessShareLock,t
1439985818.81031,pg_namespace,97542,AccessShareLock,t
1439985818.81031,pg_namespace,97539,AccessShareLock,t
1439985818.81031,pg_namespace_nspname_index,97539,AccessShareLock,t
1439985818.81031,pg_namespace_oid_index,97539,AccessShareLock,t
1439985818.81031,pg_stat_activity,97540,AccessShareLock,t
1439985818.81031,pg_stat_all_indexes,97539,AccessShareLock,t
1439985818.81031,pg_stat_all_tables,97542,AccessShareLock,t
1439985818.81031,pg_stat_database,97538,AccessShareLock,t
1439985818.81031,pg_statio_all_indexes,97539,AccessShareLock,t
1439985818.81031,pg_statio_all_tables,97542,AccessShareLock,t
1439985878.81237,lineitem,96887,RowExclusiveLock,t
1439985878.81237,pg_index,97554,AccessShareLock,t
1439985878.81237,pg_locks,97553,AccessShareLock,t
1439985878.81237,pg_stat_all_indexes,97555,AccessShareLock,t
1439985878.81237,pg_stat_all_tables,97554,AccessShareLock,t
1439985878.81237,pg_stat_database,97552,AccessShareLock,t
1439985878.81237,pg_statio_all_indexes,97555,AccessShareLock,t
1439985878.81237,pg_statio_all_tables,97554,AccessShareLock,t
1439985938.81385,lineitem,96887,RowExclusiveLock,t
1439985938.81385,pg_index,97568,AccessShareLock,t
1439985938.81385,pg_locks,97567,AccessShareLock,t
1439985938.81385,pg_stat_activity,97564,AccessShareLock,t
1439985938.81385,pg_stat_all_indexes,97568,AccessShareLock,t
1439985938.81385,pg_stat_all_tables,97565,AccessShareLock,t
1439985938.81385,pg_stat_database,97566,AccessShareLock,t
1439985938.81385,pg_statio_all_indexes,97568,AccessShareLock,t
1439985938.81385,pg_statio_all_tables,97565,AccessShareLock,t
1439985998.81691,lineitem,96887,RowExclusiveLock,t
1439985998.81691,pg_index,97577,AccessShareLock,t
1439985998.81691,pg_index,97579,AccessShareLock,t
1439985998.81691,pg_locks,97581,AccessShareLock,t
1439985998.81691,pg_namespace,97579,AccessShareLock,t
1439985998.81691,pg_namespace,97577,AccessShareLock,t
1439985998.81691,pg_stat_activity,97578,AccessShareLock,t
1439985998.81691,pg_stat_all_indexes,97579,AccessShareLock,t
1439985998.81691,pg_stat_all_tables,97577,AccessShareLock,t
1439985998.81691,pg_stat_database,97580,AccessShareLock,t
1439985998.81691,pg_statio_all_indexes,97579,AccessShareLock,t
1439985998.81691,pg_statio_all_tables,97577,AccessShareLock,t
1439986058.81846,lineitem,96887,RowExclusiveLock,t
1439986058.81846,pg_index,97592,AccessShareLock,t
1439986058.81846,pg_locks,97591,AccessShareLock,t
1439986058.81846,pg_rewrite,97593,AccessShareLock,t
1439986058.81846,pg_rewrite_rel_rulename_index,97593,AccessShareLock,t
1439986058.81846,pg_stat_all_indexes,97593,AccessShareLock,t
1439986058.81846,pg_stat_all_tables,97592,AccessShareLock,t
1439986058.81846,pg_stat_database,97594,AccessShareLock,t
1439986058.81846,pg_statio_all_indexes,97593,AccessShareLock,t
1439986058.81846,pg_statio_all_tables,97592,AccessShareLock,t
1439986118.82035,lineitem,97611,ShareLock,t
1439986118.82035,lineitem,97607,ShareLock,t
1439986118.82035,lineitem,97612,ShareLock,f
1439986118.82035,lineitem,97610,ShareLock,f
1439986118.82035,lineitem,97605,AccessExclusiveLock,f
1439986118.82035,lineitem,97609,ShareLock,t
1439986118.82035,lineitem,97606,ShareLock,t
1439986118.82035,lineitem,97608,ShareLock,t
1439986118.82035,pg_index,97623,AccessShareLock,t
1439986118.82035,pg_index,97619,AccessShareLock,t
1439986118.82035,pg_locks,97622,AccessShareLock,t
1439986118.82035,pg_stat_activity,97621,AccessShareLock,t
1439986118.82035,pg_stat_all_indexes,97623,AccessShareLock,t
1439986118.82035,pg_stat_all_tables,97619,AccessShareLock,t
1439986118.82035,pg_stat_database,97620,AccessShareLock,t
1439986118.82035,pg_statio_all_indexes,97623,AccessShareLock,t
1439986118.82035,pg_statio_all_tables,97619,AccessShareLock,t
1439986178.82274,lineitem,97611,ShareLock,t
1439986178.82274,lineitem,97607,ShareLock,t
1439986178.82274,lineitem,97612,ShareLock,f
1439986178.82274,lineitem,97610,ShareLock,f
1439986178.82274,lineitem,97605,AccessExclusiveLock,f
1439986178.82274,lineitem,97609,ShareLock,t
1439986178.82274,lineitem,97606,ShareLock,t
1439986178.82274,lineitem,97608,ShareLock,t
1439986178.82274,pg_index,97635,AccessShareLock,t
1439986178.82274,pg_index,97634,AccessShareLock,t
1439986178.82274,pg_index_indexrelid_index,97634,AccessShareLock,t
1439986178.82274,pg_index_indrelid_index,97634,AccessShareLock,t
1439986178.82274,pg_locks,97637,AccessShareLock,t
1439986178.82274,pg_namespace,97634,AccessShareLock,t
1439986178.82274,pg_namespace_nspname_index,97634,AccessShareLock,t
1439986178.82274,pg_namespace_oid_index,97634,AccessShareLock,t
1439986178.82274,pg_stat_all_indexes,97634,AccessShareLock,t
1439986178.82274,pg_stat_all_tables,97635,AccessShareLock,t
1439986178.82274,pg_stat_database,97636,AccessShareLock,t
1439986178.82274,pg_statio_all_indexes,97634,AccessShareLock,t
1439986178.82274,pg_statio_all_tables,97635,AccessShareLock,t
1439986238.8257,lineitem,97611,ShareLock,t
1439986238.8257,lineitem,97607,ShareLock,t
1439986238.8257,lineitem,97612,ShareLock,f
1439986238.8257,lineitem,97610,ShareLock,f
1439986238.8257,lineitem,97605,AccessExclusiveLock,f
1439986238.8257,lineitem,97609,ShareLock,t
1439986238.8257,lineitem,97606,ShareLock,t
1439986238.8257,lineitem,97608,ShareLock,t
1439986238.8257,pg_index,97654,AccessShareLock,t
1439986238.8257,pg_locks,97656,AccessShareLock,t
1439986238.8257,pg_stat_activity,97655,AccessShareLock,t
1439986238.8257,pg_stat_all_indexes,97657,AccessShareLock,t
1439986238.8257,pg_stat_all_tables,97654,AccessShareLock,t
1439986238.8257,pg_stat_database,97653,AccessShareLock,t
1439986238.8257,pg_statio_all_indexes,97657,AccessShareLock,t
1439986238.8257,pg_statio_all_tables,97654,AccessShareLock,t
1439986298.8294,lineitem,97611,ShareLock,t
1439986298.8294,lineitem,97607,ShareLock,t
1439986298.8294,lineitem,97612,ShareLock,f
1439986298.8294,lineitem,97610,ShareLock,f
1439986298.8294,lineitem,97605,AccessExclusiveLock,f
1439986298.8294,lineitem,97609,ShareLock,t
1439986298.8294,lineitem,97606,ShareLock,t
1439986298.8294,lineitem,97608,ShareLock,t
1439986298.8294,pg_index,97667,AccessShareLock,t
1439986298.8294,pg_index,97669,AccessShareLock,t
1439986298.8294,pg_index_indexrelid_index,97667,AccessShareLock,t
1439986298.8294,pg_index_indexrelid_index,97669,AccessShareLock,t
1439986298.8294,pg_index_indrelid_index,97667,AccessShareLock,t
1439986298.8294,pg_index_indrelid_index,97669,AccessShareLock,t
1439986298.8294,pg_locks,97670,AccessShareLock,t
1439986298.8294,pg_namespace,97669,AccessShareLock,t
1439986298.8294,pg_namespace,97667,AccessShareLock,t
1439986298.8294,pg_namespace_nspname_index,97667,AccessShareLock,t
1439986298.8294,pg_namespace_nspname_index,97669,AccessShareLock,t
1439986298.8294,pg_namespace_oid_index,97667,AccessShareLock,t
1439986298.8294,pg_namespace_oid_index,97669,AccessShareLock,t
1439986298.8294,pg_stat_all_indexes,97669,AccessShareLock,t
1439986298.8294,pg_stat_all_tables,97667,AccessShareLock,t
1439986298.8294,pg_stat_database,97668,AccessShareLock,t
1439986298.8294,pg_statio_all_indexes,97669,AccessShareLock,t
1439986298.8294,pg_statio_all_tables,97667,AccessShareLock,t
1439986358.8282,lineitem,97611,ShareLock,t
1439986358.8282,lineitem,97607,ShareLock,t
1439986358.8282,lineitem,97612,ShareLock,f
1439986358.8282,lineitem,97610,ShareLock,f
1439986358.8282,lineitem,97605,AccessExclusiveLock,f
1439986358.8282,lineitem,97609,ShareLock,t
1439986358.8282,lineitem,97606,ShareLock,t
1439986358.8282,lineitem,97608,ShareLock,t
1439986358.8282,pg_index,97683,AccessShareLock,t
1439986358.8282,pg_index,97679,AccessShareLock,t
1439986358.8282,pg_locks,97682,AccessShareLock,t
1439986358.8282,pg_namespace,97679,AccessShareLock,t
1439986358.8282,pg_stat_activity,97680,AccessShareLock,t
1439986358.8282,pg_stat_all_indexes,97683,AccessShareLock,t
1439986358.8282,pg_stat_all_tables,97679,AccessShareLock,t
1439986358.8282,pg_stat_database,97681,AccessShareLock,t
1439986358.8282,pg_statio_all_indexes,97683,AccessShareLock,t
1439986358.8282,pg_statio_all_tables,97679,AccessShareLock,t
1439986418.83004,lineitem,97611,ShareLock,t
1439986418.83004,lineitem,97607,ShareLock,t
1439986418.83004,lineitem,97612,ShareLock,f
1439986418.83004,lineitem,97610,ShareLock,f
1439986418.83004,lineitem,97605,AccessExclusiveLock,f
1439986418.83004,lineitem,97609,ShareLock,t
1439986418.83004,lineitem,97606,ShareLock,t
1439986418.83004,lineitem,97608,ShareLock,t
1439986418.83004,pg_index,97695,AccessShareLock,t
1439986418.83004,pg_index,97696,AccessShareLock,t
1439986418.83004,pg_locks,97693,AccessShareLock,t
1439986418.83004,pg_namespace,97696,AccessShareLock,t
1439986418.83004,pg_rewrite,97694,AccessShareLock,t
1439986418.83004,pg_rewrite_rel_rulename_index,97694,AccessShareLock,t
1439986418.83004,pg_stat_all_indexes,97696,AccessShareLock,t
1439986418.83004,pg_stat_all_tables,97695,AccessShareLock,t
1439986418.83004,pg_stat_database,97694,AccessShareLock,t
1439986418.83004,pg_statio_all_indexes,97696,AccessShareLock,t
1439986418.83004,pg_statio_all_tables,97695,AccessShareLock,t
1439986478.83173,lineitem,97611,ShareLock,t
1439986478.83173,lineitem,97607,ShareLock,t
1439986478.83173,lineitem,97612,ShareLock,f
1439986478.83173,lineitem,97610,ShareLock,f
1439986478.83173,lineitem,97605,AccessExclusiveLock,f
1439986478.83173,lineitem,97609,ShareLock,t
1439986478.83173,lineitem,97606,ShareLock,t
1439986478.83173,lineitem,97608,ShareLock,t
1439986478.83173,pg_locks,97705,AccessShareLock,t
1439986478.83173,pg_rewrite,97709,AccessShareLock,t
1439986478.83173,pg_rewrite_rel_rulename_index,97709,AccessShareLock,t
1439986478.83173,pg_stat_activity,97706,AccessShareLock,t
1439986478.83173,pg_stat_all_indexes,97708,AccessShareLock,t
1439986478.83173,pg_stat_all_tables,97709,AccessShareLock,t
1439986478.83173,pg_stat_database,97707,AccessShareLock,t
1439986478.83173,pg_statio_all_indexes,97708,AccessShareLock,t
1439986478.83173,pg_statio_all_tables,97709,AccessShareLock,t
1439986538.83357,lineitem,97611,ShareLock,t
1439986538.83357,lineitem,97607,ShareLock,t
1439986538.83357,lineitem,97612,ShareLock,f
1439986538.83357,lineitem,97610,ShareLock,f
1439986538.83357,lineitem,97605,AccessExclusiveLock,f
1439986538.83357,lineitem,97608,ShareLock,t
1439986538.83357,pg_locks,97718,AccessShareLock,t
1439986538.83357,pg_stat_activity,97721,AccessShareLock,t
1439986538.83357,pg_stat_all_indexes,97722,AccessShareLock,t
1439986538.83357,pg_stat_all_tables,97720,AccessShareLock,t
1439986538.83357,pg_stat_database,97719,AccessShareLock,t
1439986538.83357,pg_statio_all_indexes,97722,AccessShareLock,t
1439986538.83357,pg_statio_all_tables,97720,AccessShareLock,t
1439986598.83493,lineitem,97611,ShareLock,t
1439986598.83493,lineitem,97607,ShareLock,t
1439986598.83493,lineitem,97612,ShareLock,f
1439986598.83493,lineitem,97610,ShareLock,f
1439986598.83493,lineitem,97605,AccessExclusiveLock,f
1439986598.83493,lineitem,97608,ShareLock,t
1439986598.83493,pg_locks,97731,AccessShareLock,t
1439986598.83493,pg_rewrite,97735,AccessShareLock,t
1439986598.83493,pg_rewrite_rel_rulename_index,97735,AccessShareLock,t
1439986598.83493,pg_stat_activity,97734,AccessShareLock,t
1439986598.83493,pg_stat_all_indexes,97735,AccessShareLock,t
1439986598.83493,pg_stat_all_tables,97732,AccessShareLock,t
1439986598.83493,pg_stat_database,97733,AccessShareLock,t
1439986598.83493,pg_statio_all_indexes,97735,AccessShareLock,t
1439986598.83493,pg_statio_all_tables,97732,AccessShareLock,t
1439986658.83842,lineitem,97610,ShareLock,f
1439986658.83842,lineitem,97607,ShareLock,t
1439986658.83842,lineitem,97612,ShareLock,f
1439986658.83842,lineitem,97611,ShareLock,t
1439986658.83842,lineitem,97605,AccessExclusiveLock,f
1439986658.83842,lineitem,97608,ShareLock,t
1439986658.83842,pg_locks,97748,AccessShareLock,t
1439986658.83842,pg_rewrite,97746,AccessShareLock,t
1439986658.83842,pg_rewrite,97747,AccessShareLock,t
1439986658.83842,pg_rewrite_rel_rulename_index,97746,AccessShareLock,t
1439986658.83842,pg_rewrite_rel_rulename_index,97747,AccessShareLock,t
1439986658.83842,pg_stat_all_indexes,97747,AccessShareLock,t
1439986658.83842,pg_stat_all_tables,97746,AccessShareLock,t
1439986658.83842,pg_stat_database,97745,AccessShareLock,t
1439986658.83842,pg_statio_all_tables,97746,AccessShareLock,t
1439986658.83842,pg_toast_2618,97746,AccessShareLock,t
1439986658.83842,pg_toast_2618_index,97746,AccessShareLock,t
1439986718.84043,lineitem,97611,ShareLock,t
1439986718.84043,lineitem,97607,ShareLock,t
1439986718.84043,lineitem,97612,ShareLock,f
1439986718.84043,lineitem,97610,ShareLock,f
1439986718.84043,lineitem,97605,AccessExclusiveLock,f
1439986718.84043,lineitem,97608,ShareLock,t
1439986718.84043,pg_index,97758,AccessShareLock,t
1439986718.84043,pg_index,97759,AccessShareLock,t
1439986718.84043,pg_locks,97761,AccessShareLock,t
1439986718.84043,pg_namespace,97758,AccessShareLock,t
1439986718.84043,pg_namespace,97759,AccessShareLock,t
1439986718.84043,pg_stat_activity,97760,AccessShareLock,t
1439986718.84043,pg_stat_all_indexes,97758,AccessShareLock,t
1439986718.84043,pg_stat_all_tables,97759,AccessShareLock,t
1439986718.84043,pg_stat_database,97757,AccessShareLock,t
1439986718.84043,pg_statio_all_indexes,97758,AccessShareLock,t
1439986718.84043,pg_statio_all_tables,97759,AccessShareLock,t
1439986778.84161,lineitem,97611,ShareLock,t
1439986778.84161,lineitem,97607,ShareLock,t
1439986778.84161,lineitem,97612,ShareLock,f
1439986778.84161,lineitem,97610,ShareLock,f
1439986778.84161,lineitem,97605,AccessExclusiveLock,f
1439986778.84161,pg_locks,97772,AccessShareLock,t
1439986778.84161,pg_stat_activity,97771,AccessShareLock,t
1439986778.84161,pg_stat_all_indexes,97775,AccessShareLock,t
1439986778.84161,pg_stat_all_tables,97773,AccessShareLock,t
1439986778.84161,pg_stat_database,97774,AccessShareLock,t
1439986778.84161,pg_statio_all_indexes,97775,AccessShareLock,t
1439986778.84161,pg_statio_all_tables,97773,AccessShareLock,t
1439986838.8439,lineitem,97610,ShareLock,f
1439986838.8439,lineitem,97607,ShareLock,t
1439986838.8439,lineitem,97612,ShareLock,f
1439986838.8439,lineitem,97605,AccessExclusiveLock,f
1439986838.8439,lineitem,97611,ShareLock,t
1439986838.8439,pg_index,97791,AccessShareLock,t
1439986838.8439,pg_locks,97793,AccessShareLock,t
1439986838.8439,pg_namespace,97791,AccessShareLock,t
1439986838.8439,pg_operator,97791,AccessShareLock,t
1439986838.8439,pg_operator_oid_index,97791,AccessShareLock,t
1439986838.8439,pg_stat_activity,97792,AccessShareLock,t
1439986838.8439,pg_stat_all_indexes,97791,AccessShareLock,t
1439986838.8439,pg_stat_all_tables,97795,AccessShareLock,t
1439986838.8439,pg_stat_database,97794,AccessShareLock,t
1439986838.8439,pg_statio_all_indexes,97791,AccessShareLock,t
1439986838.8439,pg_statio_all_tables,97795,AccessShareLock,t
1439986898.84543,lineitem,97612,ShareLock,f
1439986898.84543,lineitem,97610,ShareLock,f
1439986898.84543,lineitem,97605,AccessExclusiveLock,f
1439986898.84543,lineitem,97607,ShareLock,t
1439986898.84543,pg_index,97808,AccessShareLock,t
1439986898.84543,pg_locks,97804,AccessShareLock,t
1439986898.84543,pg_namespace,97808,AccessShareLock,t
1439986898.84543,pg_rewrite,97807,AccessShareLock,t
1439986898.84543,pg_rewrite_rel_rulename_index,97807,AccessShareLock,t
1439986898.84543,pg_stat_activity,97806,AccessShareLock,t
1439986898.84543,pg_stat_all_indexes,97808,AccessShareLock,t
1439986898.84543,pg_stat_database,97805,AccessShareLock,t
1439986898.84543,pg_statio_all_indexes,97808,AccessShareLock,t
1439986898.84543,pg_statio_all_tables,97807,AccessShareLock,t
1439986958.84751,lineitem,97607,ShareLock,t
1439986958.84751,lineitem,97612,ShareLock,f
1439986958.84751,lineitem,97610,ShareLock,f
1439986958.84751,lineitem,97605,AccessExclusiveLock,f
1439986958.84751,pg_index,97820,AccessShareLock,t
1439986958.84751,pg_locks,97818,AccessShareLock,t
1439986958.84751,pg_stat_activity,97821,AccessShareLock,t
1439986958.84751,pg_stat_all_indexes,97820,AccessShareLock,t
1439986958.84751,pg_stat_all_tables,97819,AccessShareLock,t
1439986958.84751,pg_stat_database,97817,AccessShareLock,t
1439986958.84751,pg_statio_all_indexes,97820,AccessShareLock,t
1439986958.84751,pg_statio_all_tables,97819,AccessShareLock,t
1439987018.84892,lineitem,97612,ShareLock,f
1439987018.84892,lineitem,97610,ShareLock,f
1439987018.84892,lineitem,97605,AccessExclusiveLock,f
1439987018.84892,lineitem,97607,ShareLock,t
1439987018.84892,pg_index,97831,AccessShareLock,t
1439987018.84892,pg_locks,97830,AccessShareLock,t
1439987018.84892,pg_namespace,97831,AccessShareLock,t
1439987018.84892,pg_stat_activity,97833,AccessShareLock,t
1439987018.84892,pg_stat_all_indexes,97831,AccessShareLock,t
1439987018.84892,pg_stat_all_tables,97834,AccessShareLock,t
1439987018.84892,pg_stat_database,97832,AccessShareLock,t
1439987018.84892,pg_statio_all_indexes,97831,AccessShareLock,t
1439987018.84892,pg_statio_all_tables,97834,AccessShareLock,t
1439987078.85091,lineitem,97612,ShareLock,f
1439987078.85091,lineitem,97610,ShareLock,f
1439987078.85091,lineitem,97605,AccessExclusiveLock,f
1439987078.85091,lineitem,97607,ShareLock,t
1439987078.85091,pg_locks,97843,AccessShareLock,t
1439987078.85091,pg_rewrite,97847,AccessShareLock,t
1439987078.85091,pg_rewrite,97846,AccessShareLock,t
1439987078.85091,pg_rewrite_rel_rulename_index,97846,AccessShareLock,t
1439987078.85091,pg_rewrite_rel_rulename_index,97847,AccessShareLock,t
1439987078.85091,pg_stat_activity,97845,AccessShareLock,t
1439987078.85091,pg_stat_all_indexes,97847,AccessShareLock,t
1439987078.85091,pg_stat_database,97844,AccessShareLock,t
1439987078.85091,pg_statio_all_indexes,97847,AccessShareLock,t
1439987078.85091,pg_statio_all_tables,97846,AccessShareLock,t
1439987138.85307,lineitem,97612,ShareLock,f
1439987138.85307,lineitem,97610,ShareLock,f
1439987138.85307,lineitem,97605,AccessExclusiveLock,f
1439987138.85307,lineitem,97607,ShareLock,t
1439987138.85307,pg_locks,97857,AccessShareLock,t
1439987138.85307,pg_rewrite,97860,AccessShareLock,t
1439987138.85307,pg_rewrite_rel_rulename_index,97860,AccessShareLock,t
1439987138.85307,pg_stat_activity,97858,AccessShareLock,t
1439987138.85307,pg_stat_all_indexes,97859,AccessShareLock,t
1439987138.85307,pg_stat_database,97861,AccessShareLock,t
1439987138.85307,pg_statio_all_indexes,97859,AccessShareLock,t
1439987138.85307,pg_statio_all_tables,97860,AccessShareLock,t
1439987198.85497,lineitem,97612,ShareLock,f
1439987198.85497,lineitem,97610,ShareLock,f
1439987198.85497,lineitem,97605,AccessExclusiveLock,f
1439987198.85497,lineitem,97607,ShareLock,t
1439987198.85497,pg_index,97872,AccessShareLock,t
1439987198.85497,pg_locks,97870,AccessShareLock,t
1439987198.85497,pg_rewrite,97874,AccessShareLock,t
1439987198.85497,pg_rewrite,97873,AccessShareLock,t
1439987198.85497,pg_rewrite_rel_rulename_index,97873,AccessShareLock,t
1439987198.85497,pg_rewrite_rel_rulename_index,97874,AccessShareLock,t
1439987198.85497,pg_stat_activity,97871,AccessShareLock,t
1439987198.85497,pg_stat_all_indexes,97873,AccessShareLock,t
1439987198.85497,pg_stat_all_tables,97872,AccessShareLock,t
1439987198.85497,pg_stat_database,97874,AccessShareLock,t
1439987198.85497,pg_statio_all_tables,97872,AccessShareLock,t
1439987258.85864,lineitem,97607,ShareLock,t
1439987258.85864,lineitem,97612,ShareLock,f
1439987258.85864,lineitem,97610,ShareLock,f
1439987258.85864,lineitem,97605,AccessExclusiveLock,f
1439987258.85864,pg_amproc,97883,AccessShareLock,t
1439987258.85864,pg_amproc_fam_proc_index,97883,AccessShareLock,t
1439987258.85864,pg_index,97885,AccessShareLock,t
1439987258.85864,pg_index,97887,AccessShareLock,t
1439987258.85864,pg_locks,97884,AccessShareLock,t
1439987258.85864,pg_stat_activity,97883,AccessShareLock,t
1439987258.85864,pg_stat_all_indexes,97887,AccessShareLock,t
1439987258.85864,pg_stat_all_tables,97885,AccessShareLock,t
1439987258.85864,pg_stat_database,97886,AccessShareLock,t
1439987258.85864,pg_statio_all_indexes,97887,AccessShareLock,t
1439987258.85864,pg_statio_all_tables,97885,AccessShareLock,t
1439987318.86167,lineitem,97605,AccessExclusiveLock,f
1439987318.86167,lineitem,97612,ShareLock,f
1439987318.86167,lineitem,97610,ShareLock,f
1439987318.86167,lineitem,97607,ShareLock,t
1439987318.86167,pg_index,97900,AccessShareLock,t
1439987318.86167,pg_index,97899,AccessShareLock,t
1439987318.86167,pg_locks,97897,AccessShareLock,t
1439987318.86167,pg_namespace,97900,AccessShareLock,t
1439987318.86167,pg_namespace,97899,AccessShareLock,t
1439987318.86167,pg_operator,97900,AccessShareLock,t
1439987318.86167,pg_operator_oid_index,97900,AccessShareLock,t
1439987318.86167,pg_stat_all_indexes,97899,AccessShareLock,t
1439987318.86167,pg_stat_all_tables,97900,AccessShareLock,t
1439987318.86167,pg_stat_database,97898,AccessShareLock,t
1439987318.86167,pg_statio_all_indexes,97899,AccessShareLock,t
1439987318.86167,pg_statio_all_tables,97900,AccessShareLock,t
1439987378.86324,lineitem,97607,ShareLock,t
1439987378.86324,lineitem,97612,ShareLock,f
1439987378.86324,lineitem,97610,ShareLock,f
1439987378.86324,lineitem,97605,AccessExclusiveLock,f
1439987378.86324,pg_locks,97910,AccessShareLock,t
1439987378.86324,pg_rewrite,97913,AccessShareLock,t
1439987378.86324,pg_rewrite_rel_rulename_index,97913,AccessShareLock,t
1439987378.86324,pg_stat_activity,97911,AccessShareLock,t
1439987378.86324,pg_stat_database,97912,AccessShareLock,t
1439987378.86324,pg_statio_all_tables,97913,AccessShareLock,t
1439987438.86593,lineitem,97607,ShareLock,t
1439987438.86593,lineitem,97612,ShareLock,f
1439987438.86593,lineitem,97610,ShareLock,f
1439987438.86593,lineitem,97605,AccessExclusiveLock,f
1439987438.86593,pg_amproc,97933,AccessShareLock,t
1439987438.86593,pg_amproc_fam_proc_index,97933,AccessShareLock,t
1439987438.86593,pg_locks,97931,AccessShareLock,t
1439987438.86593,pg_stat_activity,97933,AccessShareLock,t
1439987438.86593,pg_stat_all_indexes,97934,AccessShareLock,t
1439987438.86593,pg_stat_all_tables,97930,AccessShareLock,t
1439987438.86593,pg_stat_database,97932,AccessShareLock,t
1439987438.86593,pg_statio_all_indexes,97934,AccessShareLock,t
1439987438.86593,pg_statio_all_tables,97930,AccessShareLock,t
1439987498.86791,lineitem,97607,ShareLock,t
1439987498.86791,lineitem,97612,ShareLock,f
1439987498.86791,lineitem,97610,ShareLock,f
1439987498.86791,lineitem,97605,AccessExclusiveLock,f
1439987498.86791,pg_locks,97945,AccessShareLock,t
1439987498.86791,pg_rewrite,97946,AccessShareLock,t
1439987498.86791,pg_rewrite,97947,AccessShareLock,t
1439987498.86791,pg_rewrite_rel_rulename_index,97946,AccessShareLock,t
1439987498.86791,pg_rewrite_rel_rulename_index,97947,AccessShareLock,t
1439987498.86791,pg_stat_activity,97944,AccessShareLock,t
1439987498.86791,pg_stat_all_indexes,97947,AccessShareLock,t
1439987498.86791,pg_stat_database,97943,AccessShareLock,t
1439987498.86791,pg_statio_all_tables,97946,AccessShareLock,t
1439987558.86993,lineitem,97605,AccessExclusiveLock,f
1439987558.86993,lineitem,97612,ShareLock,f
1439987558.86993,lineitem,97610,ShareLock,f
1439987558.86993,lineitem,97607,ShareLock,t
1439987558.86993,pg_index,97956,AccessShareLock,t
1439987558.86993,pg_index,97958,AccessShareLock,t
1439987558.86993,pg_locks,97959,AccessShareLock,t
1439987558.86993,pg_namespace,97956,AccessShareLock,t
1439987558.86993,pg_namespace,97958,AccessShareLock,t
1439987558.86993,pg_stat_activity,97960,AccessShareLock,t
1439987558.86993,pg_stat_all_indexes,97958,AccessShareLock,t
1439987558.86993,pg_stat_all_tables,97956,AccessShareLock,t
1439987558.86993,pg_stat_database,97957,AccessShareLock,t
1439987558.86993,pg_statio_all_indexes,97958,AccessShareLock,t
1439987558.86993,pg_statio_all_tables,97956,AccessShareLock,t
1439987618.87082,lineitem,97605,AccessExclusiveLock,f
1439987618.87082,lineitem,97612,ShareLock,f
1439987618.87082,lineitem,97610,ShareLock,f
1439987618.87082,lineitem,97607,ShareLock,t
1439987618.87082,pg_locks,97970,AccessShareLock,t
1439987618.87082,pg_stat_activity,97971,AccessShareLock,t
1439987618.87082,pg_stat_all_indexes,97973,AccessShareLock,t
1439987618.87082,pg_stat_all_tables,97972,AccessShareLock,t
1439987618.87082,pg_stat_database,97969,AccessShareLock,t
1439987618.87082,pg_statio_all_indexes,97973,AccessShareLock,t
1439987618.87082,pg_statio_all_tables,97972,AccessShareLock,t
1439987678.87372,lineitem,97605,AccessExclusiveLock,f
1439987678.87372,lineitem,97612,ShareLock,f
1439987678.87372,lineitem,97610,ShareLock,f
1439987678.87372,lineitem,97607,ShareLock,t
1439987678.87372,pg_index,97982,AccessShareLock,t
1439987678.87372,pg_index,97983,AccessShareLock,t
1439987678.87372,pg_index_indexrelid_index,97982,AccessShareLock,t
1439987678.87372,pg_index_indrelid_index,97982,AccessShareLock,t
1439987678.87372,pg_locks,97984,AccessShareLock,t
1439987678.87372,pg_namespace,97982,AccessShareLock,t
1439987678.87372,pg_namespace_nspname_index,97982,AccessShareLock,t
1439987678.87372,pg_namespace_oid_index,97982,AccessShareLock,t
1439987678.87372,pg_stat_activity,97986,AccessShareLock,t
1439987678.87372,pg_stat_all_indexes,97982,AccessShareLock,t
1439987678.87372,pg_stat_all_tables,97983,AccessShareLock,t
1439987678.87372,pg_stat_database,97985,AccessShareLock,t
1439987678.87372,pg_statio_all_indexes,97982,AccessShareLock,t
1439987678.87372,pg_statio_all_tables,97983,AccessShareLock,t
1439987738.87451,lineitem,97612,ShareLock,f
1439987738.87451,lineitem,97610,ShareLock,f
1439987738.87451,lineitem,97605,AccessExclusiveLock,f
1439987738.87451,lineitem,97607,ShareLock,t
1439987738.87451,pg_locks,97996,AccessShareLock,t
1439987738.87451,pg_rewrite,97998,AccessShareLock,t
1439987738.87451,pg_rewrite_rel_rulename_index,97998,AccessShareLock,t
1439987738.87451,pg_stat_activity,97997,AccessShareLock,t
1439987738.87451,pg_stat_all_indexes,97999,AccessShareLock,t
1439987738.87451,pg_stat_all_tables,97998,AccessShareLock,t
1439987738.87451,pg_stat_database,97995,AccessShareLock,t
1439987738.87451,pg_statio_all_indexes,97999,AccessShareLock,t
1439987738.87451,pg_statio_all_tables,97998,AccessShareLock,t
1439987798.87648,lineitem,97605,AccessExclusiveLock,f
1439987798.87648,lineitem,97612,ShareLock,f
1439987798.87648,lineitem,97610,ShareLock,f
1439987798.87648,lineitem,97607,ShareLock,t
1439987798.87648,pg_locks,98008,AccessShareLock,t
1439987798.87648,pg_operator,98011,AccessShareLock,t
1439987798.87648,pg_operator_oprname_l_r_n_index,98011,AccessShareLock,t
1439987798.87648,pg_rewrite,98012,AccessShareLock,t
1439987798.87648,pg_rewrite_rel_rulename_index,98012,AccessShareLock,t
1439987798.87648,pg_stat_activity,98009,AccessShareLock,t
1439987798.87648,pg_stat_all_indexes,98011,AccessShareLock,t
1439987798.87648,pg_stat_database,98010,AccessShareLock,t
1439987798.87648,pg_statio_all_indexes,98011,AccessShareLock,t
1439987798.87648,pg_statio_all_tables,98012,AccessShareLock,t
1439987858.87852,lineitem,97607,ShareLock,t
1439987858.87852,lineitem,97612,ShareLock,f
1439987858.87852,lineitem,97610,ShareLock,f
1439987858.87852,lineitem,97605,AccessExclusiveLock,f
1439987858.87852,pg_amproc,98023,AccessShareLock,t
1439987858.87852,pg_amproc_fam_proc_index,98023,AccessShareLock,t
1439987858.87852,pg_index,98022,AccessShareLock,t
1439987858.87852,pg_locks,98021,AccessShareLock,t
1439987858.87852,pg_stat_activity,98023,AccessShareLock,t
1439987858.87852,pg_stat_all_indexes,98025,AccessShareLock,t
1439987858.87852,pg_stat_all_tables,98022,AccessShareLock,t
1439987858.87852,pg_stat_database,98024,AccessShareLock,t
1439987858.87852,pg_statio_all_indexes,98025,AccessShareLock,t
1439987858.87852,pg_statio_all_tables,98022,AccessShareLock,t
1439987918.88022,lineitem,97605,AccessExclusiveLock,f
1439987918.88022,lineitem,97612,ShareLock,f
1439987918.88022,lineitem,97610,ShareLock,f
1439987918.88022,lineitem,97607,ShareLock,t
1439987918.88022,pg_locks,98034,AccessShareLock,t
1439987918.88022,pg_stat_activity,98035,AccessShareLock,t
1439987918.88022,pg_stat_all_indexes,98038,AccessShareLock,t
1439987918.88022,pg_stat_all_tables,98037,AccessShareLock,t
1439987918.88022,pg_stat_database,98036,AccessShareLock,t
1439987918.88022,pg_statio_all_indexes,98038,AccessShareLock,t
1439987918.88022,pg_statio_all_tables,98037,AccessShareLock,t
1439987978.88257,lineitem,97605,AccessExclusiveLock,f
1439987978.88257,lineitem,97612,ShareLock,f
1439987978.88257,lineitem,97610,ShareLock,f
1439987978.88257,lineitem,97607,ShareLock,t
1439987978.88257,pg_locks,98047,AccessShareLock,t
1439987978.88257,pg_operator,98050,AccessShareLock,t
1439987978.88257,pg_operator_oid_index,98050,AccessShareLock,t
1439987978.88257,pg_rewrite,98049,AccessShareLock,t
1439987978.88257,pg_rewrite,98051,AccessShareLock,t
1439987978.88257,pg_rewrite_rel_rulename_index,98049,AccessShareLock,t
1439987978.88257,pg_rewrite_rel_rulename_index,98051,AccessShareLock,t
1439987978.88257,pg_stat_activity,98048,AccessShareLock,t
1439987978.88257,pg_stat_all_indexes,98051,AccessShareLock,t
1439987978.88257,pg_stat_all_tables,98049,AccessShareLock,t
1439987978.88257,pg_stat_database,98050,AccessShareLock,t
1439987978.88257,pg_statio_all_indexes,98051,AccessShareLock,t
1439987978.88257,pg_statio_all_tables,98049,AccessShareLock,t
1439988038.88658,lineitem,97607,ShareLock,t
1439988038.88658,lineitem,97610,ShareLock,f
1439988038.88658,lineitem,97605,AccessExclusiveLock,f
1439988038.88658,lineitem,97612,ShareLock,f
1439988038.88658,pg_index,98069,AccessShareLock,t
1439988038.88658,pg_index,98071,AccessShareLock,t
1439988038.88658,pg_index_indexrelid_index,98069,AccessShareLock,t
1439988038.88658,pg_index_indexrelid_index,98071,AccessShareLock,t
1439988038.88658,pg_index_indrelid_index,98069,AccessShareLock,t
1439988038.88658,pg_index_indrelid_index,98071,AccessShareLock,t
1439988038.88658,pg_locks,98068,AccessShareLock,t
1439988038.88658,pg_namespace,98069,AccessShareLock,t
1439988038.88658,pg_namespace,98071,AccessShareLock,t
1439988038.88658,pg_namespace_nspname_index,98071,AccessShareLock,t
1439988038.88658,pg_namespace_nspname_index,98069,AccessShareLock,t
1439988038.88658,pg_namespace_oid_index,98071,AccessShareLock,t
1439988038.88658,pg_namespace_oid_index,98069,AccessShareLock,t
1439988038.88658,pg_stat_all_indexes,98071,AccessShareLock,t
1439988038.88658,pg_stat_all_tables,98069,AccessShareLock,t
1439988038.88658,pg_stat_database,98070,AccessShareLock,t
1439988038.88658,pg_statio_all_indexes,98071,AccessShareLock,t
1439988038.88658,pg_statio_all_tables,98069,AccessShareLock,t
1439988098.88662,lineitem,97612,ShareLock,f
1439988098.88662,lineitem,97610,ShareLock,f
1439988098.88662,lineitem,97605,AccessExclusiveLock,t
1439988098.88662,lineitem,97605,ShareLock,t
1439988098.88662,pg_index,98084,AccessShareLock,t
1439988098.88662,pg_locks,98082,AccessShareLock,t
1439988098.88662,pg_stat_activity,98085,AccessShareLock,t
1439988098.88662,pg_stat_all_indexes,98084,AccessShareLock,t
1439988098.88662,pg_stat_all_tables,98083,AccessShareLock,t
1439988098.88662,pg_stat_database,98081,AccessShareLock,t
1439988098.88662,pg_statio_all_indexes,98084,AccessShareLock,t
1439988098.88662,pg_statio_all_tables,98083,AccessShareLock,t
1439988098.88662,pg_statistic,98085,AccessShareLock,t
1439988098.88662,pg_statistic_relid_att_inh_index,98085,AccessShareLock,t
1439988158.88924,lineitem,97612,ShareLock,f
1439988158.88924,lineitem,97610,ShareLock,f
1439988158.88924,lineitem,97605,AccessExclusiveLock,t
1439988158.88924,lineitem,97605,ShareLock,t
1439988158.88924,pg_index,98098,AccessShareLock,t
1439988158.88924,pg_locks,98096,AccessShareLock,t
1439988158.88924,pg_stat_all_indexes,98098,AccessShareLock,t
1439988158.88924,pg_stat_all_tables,98097,AccessShareLock,t
1439988158.88924,pg_stat_database,98095,AccessShareLock,t
1439988158.88924,pg_statio_all_indexes,98098,AccessShareLock,t
1439988158.88924,pg_statio_all_tables,98097,AccessShareLock,t
1439988218.89045,lineitem,97612,ShareLock,f
1439988218.89045,lineitem,97610,ShareLock,f
1439988218.89045,lineitem,97605,AccessExclusiveLock,t
1439988218.89045,lineitem,97605,ShareLock,t
1439988218.89045,pg_index,98109,AccessShareLock,t
1439988218.89045,pg_locks,98108,AccessShareLock,t
1439988218.89045,pg_stat_activity,98107,AccessShareLock,t
1439988218.89045,pg_stat_all_indexes,98110,AccessShareLock,t
1439988218.89045,pg_stat_all_tables,98109,AccessShareLock,t
1439988218.89045,pg_stat_database,98111,AccessShareLock,t
1439988218.89045,pg_statio_all_indexes,98110,AccessShareLock,t
1439988218.89045,pg_statio_all_tables,98109,AccessShareLock,t
1439988278.89234,lineitem,97612,ShareLock,f
1439988278.89234,lineitem,97610,ShareLock,f
1439988278.89234,lineitem,97605,AccessExclusiveLock,t
1439988278.89234,lineitem,97605,ShareLock,t
1439988278.89234,pg_index,98124,AccessShareLock,t
1439988278.89234,pg_index,98123,AccessShareLock,t
1439988278.89234,pg_locks,98120,AccessShareLock,t
1439988278.89234,pg_stat_activity,98122,AccessShareLock,t
1439988278.89234,pg_stat_all_indexes,98123,AccessShareLock,t
1439988278.89234,pg_stat_all_tables,98124,AccessShareLock,t
1439988278.89234,pg_stat_database,98121,AccessShareLock,t
1439988278.89234,pg_statio_all_indexes,98123,AccessShareLock,t
1439988278.89234,pg_statio_all_tables,98124,AccessShareLock,t
1439988338.89422,lineitem,97605,ShareLock,t
1439988338.89422,lineitem,97610,ShareLock,f
1439988338.89422,lineitem,97605,AccessExclusiveLock,t
1439988338.89422,lineitem,97612,ShareLock,f
1439988338.89422,pg_locks,98133,AccessShareLock,t
1439988338.89422,pg_stat_activity,98134,AccessShareLock,t
1439988338.89422,pg_stat_all_indexes,98137,AccessShareLock,t
1439988338.89422,pg_stat_all_tables,98136,AccessShareLock,t
1439988338.89422,pg_stat_database,98135,AccessShareLock,t
1439988338.89422,pg_statio_all_indexes,98137,AccessShareLock,t
1439988338.89422,pg_statio_all_tables,98136,AccessShareLock,t
1439988398.89612,lineitem,97605,ShareLock,t
1439988398.89612,lineitem,97610,ShareLock,f
1439988398.89612,lineitem,97605,AccessExclusiveLock,t
1439988398.89612,lineitem,97612,ShareLock,f
1439988398.89612,pg_index,98148,AccessShareLock,t
1439988398.89612,pg_index,98150,AccessShareLock,t
1439988398.89612,pg_locks,98146,AccessShareLock,t
1439988398.89612,pg_namespace,98150,AccessShareLock,t
1439988398.89612,pg_stat_all_indexes,98150,AccessShareLock,t
1439988398.89612,pg_stat_all_tables,98148,AccessShareLock,t
1439988398.89612,pg_stat_database,98149,AccessShareLock,t
1439988398.89612,pg_statio_all_indexes,98150,AccessShareLock,t
1439988398.89612,pg_statio_all_tables,98148,AccessShareLock,t
1439988458.899,lineitem,97605,ShareLock,t
1439988458.899,lineitem,97610,ShareLock,f
1439988458.899,lineitem,97605,AccessExclusiveLock,t
1439988458.899,lineitem,97612,ShareLock,f
1439988458.899,pg_index,98162,AccessShareLock,t
1439988458.899,pg_index,98163,AccessShareLock,t
1439988458.899,pg_locks,98161,AccessShareLock,t
1439988458.899,pg_namespace,98162,AccessShareLock,t
1439988458.899,pg_namespace,98163,AccessShareLock,t
1439988458.899,pg_stat_all_indexes,98163,AccessShareLock,t
1439988458.899,pg_stat_all_tables,98162,AccessShareLock,t
1439988458.899,pg_stat_database,98160,AccessShareLock,t
1439988458.899,pg_statio_all_indexes,98163,AccessShareLock,t
1439988458.899,pg_statio_all_tables,98162,AccessShareLock,t
1439988518.9009,lineitem,97612,ShareLock,f
1439988518.9009,lineitem,97610,ShareLock,f
1439988518.9009,lineitem,97605,AccessExclusiveLock,t
1439988518.9009,lineitem,97605,ShareLock,t
1439988518.9009,pg_index,98176,AccessShareLock,t
1439988518.9009,pg_locks,98174,AccessShareLock,t
1439988518.9009,pg_stat_activity,98173,AccessShareLock,t
1439988518.9009,pg_stat_all_indexes,98176,AccessShareLock,t
1439988518.9009,pg_stat_all_tables,98175,AccessShareLock,t
1439988518.9009,pg_stat_database,98172,AccessShareLock,t
1439988518.9009,pg_statio_all_indexes,98176,AccessShareLock,t
1439988518.9009,pg_statio_all_tables,98175,AccessShareLock,t
1439988578.90324,lineitem,97612,ShareLock,f
1439988578.90324,lineitem,97610,ShareLock,f
1439988578.90324,lineitem,97605,AccessExclusiveLock,t
1439988578.90324,lineitem,97605,ShareLock,t
1439988578.90324,pg_amop,98188,AccessShareLock,t
1439988578.90324,pg_amop_opr_fam_index,98188,AccessShareLock,t
1439988578.90324,pg_cast,98189,AccessShareLock,t
1439988578.90324,pg_index,98188,AccessShareLock,t
1439988578.90324,pg_locks,98187,AccessShareLock,t
1439988578.90324,pg_namespace,98188,AccessShareLock,t
1439988578.90324,pg_stat_activity,98186,AccessShareLock,t
1439988578.90324,pg_stat_all_indexes,98189,AccessShareLock,t
1439988578.90324,pg_stat_all_tables,98188,AccessShareLock,t
1439988578.90324,pg_stat_database,98185,AccessShareLock,t
1439988578.90324,pg_statio_all_indexes,98189,AccessShareLock,t
1439988578.90324,pg_statio_all_tables,98188,AccessShareLock,t
1439988638.9046,lineitem,97612,ShareLock,f
1439988638.9046,lineitem,97610,ShareLock,f
1439988638.9046,lineitem,97605,AccessExclusiveLock,t
1439988638.9046,lineitem,97605,ShareLock,t
1439988638.9046,pg_cast,98207,AccessShareLock,t
1439988638.9046,pg_cast_source_target_index,98207,AccessShareLock,t
1439988638.9046,pg_locks,98205,AccessShareLock,t
1439988638.9046,pg_rewrite,98208,AccessShareLock,t
1439988638.9046,pg_rewrite_rel_rulename_index,98208,AccessShareLock,t
1439988638.9046,pg_stat_activity,98207,AccessShareLock,t
1439988638.9046,pg_stat_all_indexes,98209,AccessShareLock,t
1439988638.9046,pg_stat_database,98206,AccessShareLock,t
1439988638.9046,pg_statio_all_indexes,98209,AccessShareLock,t
1439988638.9046,pg_statio_all_tables,98208,AccessShareLock,t
1439988698.9073,lineitem,97610,ShareLock,f
1439988698.9073,lineitem,97605,AccessExclusiveLock,t
1439988698.9073,lineitem,97605,ShareLock,t
1439988698.9073,lineitem,97612,ShareLock,f
1439988698.9073,pg_index,98219,AccessShareLock,t
1439988698.9073,pg_locks,98218,AccessShareLock,t
1439988698.9073,pg_rewrite,98222,AccessShareLock,t
1439988698.9073,pg_rewrite_rel_rulename_index,98222,AccessShareLock,t
1439988698.9073,pg_stat_activity,98220,AccessShareLock,t
1439988698.9073,pg_stat_all_indexes,98222,AccessShareLock,t
1439988698.9073,pg_stat_all_tables,98219,AccessShareLock,t
1439988698.9073,pg_stat_database,98221,AccessShareLock,t
1439988698.9073,pg_statio_all_tables,98219,AccessShareLock,t
1439988758.90944,lineitem,97610,ShareLock,f
1439988758.90944,lineitem,97605,AccessExclusiveLock,t
1439988758.90944,lineitem,97605,ShareLock,t
1439988758.90944,lineitem,97612,ShareLock,f
1439988758.90944,pg_index,98233,AccessShareLock,t
1439988758.90944,pg_locks,98232,AccessShareLock,t
1439988758.90944,pg_rewrite,98235,AccessShareLock,t
1439988758.90944,pg_rewrite_rel_rulename_index,98235,AccessShareLock,t
1439988758.90944,pg_stat_activity,98234,AccessShareLock,t
1439988758.90944,pg_stat_all_indexes,98235,AccessShareLock,t
1439988758.90944,pg_stat_all_tables,98233,AccessShareLock,t
1439988758.90944,pg_stat_database,98231,AccessShareLock,t
1439988758.90944,pg_statio_all_tables,98233,AccessShareLock,t
1439988818.91135,lineitem,97612,ShareLock,f
1439988818.91135,lineitem,97610,ShareLock,f
1439988818.91135,lineitem,97605,AccessExclusiveLock,t
1439988818.91135,lineitem,97605,ShareLock,t
1439988818.91135,pg_amproc,98245,AccessShareLock,t
1439988818.91135,pg_amproc_fam_proc_index,98245,AccessShareLock,t
1439988818.91135,pg_locks,98244,AccessShareLock,t
1439988818.91135,pg_stat_activity,98245,AccessShareLock,t
1439988818.91135,pg_stat_all_indexes,98247,AccessShareLock,t
1439988818.91135,pg_stat_all_tables,98248,AccessShareLock,t
1439988818.91135,pg_stat_database,98246,AccessShareLock,t
1439988818.91135,pg_statio_all_indexes,98247,AccessShareLock,t
1439988818.91135,pg_statio_all_tables,98248,AccessShareLock,t
1439988878.91389,lineitem,97610,ShareLock,t
1439988878.91389,lineitem,97612,ShareLock,t
1439988878.91389,pg_locks,98259,AccessShareLock,t
1439988878.91389,pg_rewrite,98260,AccessShareLock,t
1439988878.91389,pg_rewrite,98261,AccessShareLock,t
1439988878.91389,pg_rewrite_rel_rulename_index,98261,AccessShareLock,t
1439988878.91389,pg_rewrite_rel_rulename_index,98260,AccessShareLock,t
1439988878.91389,pg_stat_all_indexes,98260,AccessShareLock,t
1439988878.91389,pg_stat_all_tables,98261,AccessShareLock,t
1439988878.91389,pg_stat_database,98258,AccessShareLock,t
1439988878.91389,pg_statio_all_indexes,98260,AccessShareLock,t
1439988878.91389,pg_statio_all_tables,98261,AccessShareLock,t
1439988938.91608,lineitem,97610,ShareLock,t
1439988938.91608,lineitem,97612,ShareLock,t
1439988938.91608,pg_amop,98272,AccessShareLock,t
1439988938.91608,pg_amop_opr_fam_index,98272,AccessShareLock,t
1439988938.91608,pg_index,98272,AccessShareLock,t
1439988938.91608,pg_index,98274,AccessShareLock,t
1439988938.91608,pg_locks,98273,AccessShareLock,t
1439988938.91608,pg_namespace,98272,AccessShareLock,t
1439988938.91608,pg_stat_activity,98270,AccessShareLock,t
1439988938.91608,pg_stat_all_indexes,98274,AccessShareLock,t
1439988938.91608,pg_stat_all_tables,98272,AccessShareLock,t
1439988938.91608,pg_stat_database,98271,AccessShareLock,t
1439988938.91608,pg_statio_all_indexes,98274,AccessShareLock,t
1439988938.91608,pg_statio_all_tables,98272,AccessShareLock,t
1439988998.91809,lineitem,97610,ShareLock,t
1439988998.91809,lineitem,97612,ShareLock,t
1439988998.91809,pg_locks,98283,AccessShareLock,t
1439988998.91809,pg_rewrite,98287,AccessShareLock,t
1439988998.91809,pg_rewrite_rel_rulename_index,98287,AccessShareLock,t
1439988998.91809,pg_stat_activity,98286,AccessShareLock,t
1439988998.91809,pg_stat_all_indexes,98287,AccessShareLock,t
1439988998.91809,pg_stat_all_tables,98284,AccessShareLock,t
1439988998.91809,pg_stat_database,98285,AccessShareLock,t
1439988998.91809,pg_statio_all_indexes,98287,AccessShareLock,t
1439988998.91809,pg_statio_all_tables,98284,AccessShareLock,t
1439989058.92096,lineitem,97612,ShareLock,t
1439989058.92096,lineitem,97610,ShareLock,t
1439989058.92096,pg_index,98298,AccessShareLock,t
1439989058.92096,pg_locks,98297,AccessShareLock,t
1439989058.92096,pg_stat_activity,98299,AccessShareLock,t
1439989058.92096,pg_stat_all_indexes,98300,AccessShareLock,t
1439989058.92096,pg_stat_all_tables,98298,AccessShareLock,t
1439989058.92096,pg_stat_database,98296,AccessShareLock,t
1439989058.92096,pg_statio_all_indexes,98300,AccessShareLock,t
1439989058.92096,pg_statio_all_tables,98298,AccessShareLock,t
1439989118.92335,lineitem,97612,ShareLock,t
1439989118.92335,lineitem,97610,ShareLock,t
1439989118.92335,pg_index,98309,AccessShareLock,t
1439989118.92335,pg_index,98313,AccessShareLock,t
1439989118.92335,pg_index_indexrelid_index,98309,AccessShareLock,t
1439989118.92335,pg_index_indrelid_index,98309,AccessShareLock,t
1439989118.92335,pg_locks,98312,AccessShareLock,t
1439989118.92335,pg_namespace,98309,AccessShareLock,t
1439989118.92335,pg_namespace,98313,AccessShareLock,t
1439989118.92335,pg_namespace_nspname_index,98309,AccessShareLock,t
1439989118.92335,pg_namespace_oid_index,98309,AccessShareLock,t
1439989118.92335,pg_stat_all_indexes,98313,AccessShareLock,t
1439989118.92335,pg_stat_all_tables,98309,AccessShareLock,t
1439989118.92335,pg_stat_database,98310,AccessShareLock,t
1439989118.92335,pg_statio_all_indexes,98313,AccessShareLock,t
1439989118.92335,pg_statio_all_tables,98309,AccessShareLock,t
1439989178.92443,lineitem,97610,ShareLock,t
1439989178.92443,lineitem,97612,ShareLock,t
1439989178.92443,pg_locks,98322,AccessShareLock,t
1439989178.92443,pg_rewrite,98326,AccessShareLock,t
1439989178.92443,pg_rewrite_rel_rulename_index,98326,AccessShareLock,t
1439989178.92443,pg_stat_activity,98323,AccessShareLock,t
1439989178.92443,pg_stat_all_indexes,98326,AccessShareLock,t
1439989178.92443,pg_stat_all_tables,98325,AccessShareLock,t
1439989178.92443,pg_stat_database,98324,AccessShareLock,t
1439989178.92443,pg_statio_all_indexes,98326,AccessShareLock,t
1439989178.92443,pg_statio_all_tables,98325,AccessShareLock,t
1439989238.92675,lineitem,97612,ShareLock,t
1439989238.92675,lineitem,97610,ShareLock,t
1439989238.92675,pg_locks,98343,AccessShareLock,t
1439989238.92675,pg_operator,98345,AccessShareLock,t
1439989238.92675,pg_stat_activity,98344,AccessShareLock,t
1439989238.92675,pg_stat_all_indexes,98347,AccessShareLock,t
1439989238.92675,pg_stat_all_tables,98345,AccessShareLock,t
1439989238.92675,pg_stat_database,98346,AccessShareLock,t
1439989238.92675,pg_statio_all_indexes,98347,AccessShareLock,t
1439989238.92675,pg_statio_all_tables,98345,AccessShareLock,t
1439989298.92869,lineitem,97610,ShareLock,t
1439989298.92869,lineitem,97612,ShareLock,t
1439989298.92869,pg_locks,98378,AccessShareLock,t
1439989298.92869,pg_rewrite,98380,AccessShareLock,t
1439989298.92869,pg_rewrite_rel_rulename_index,98380,AccessShareLock,t
1439989298.92869,pg_stat_activity,98377,AccessShareLock,t
1439989298.92869,pg_stat_all_indexes,98379,AccessShareLock,t
1439989298.92869,pg_stat_database,98376,AccessShareLock,t
1439989298.92869,pg_statio_all_indexes,98379,AccessShareLock,t
1439989298.92869,pg_statio_all_tables,98380,AccessShareLock,t
1439989358.93039,lineitem,97612,ShareLock,t
1439989358.93039,lineitem,97610,ShareLock,t
1439989358.93039,pg_amproc,98389,AccessShareLock,t
1439989358.93039,pg_amproc_fam_proc_index,98389,AccessShareLock,t
1439989358.93039,pg_locks,98390,AccessShareLock,t
1439989358.93039,pg_stat_activity,98389,AccessShareLock,t
1439989358.93039,pg_stat_all_tables,98392,AccessShareLock,t
1439989358.93039,pg_stat_database,98391,AccessShareLock,t
1439989358.93039,pg_statio_all_tables,98392,AccessShareLock,t
1439989418.93275,lineitem,97612,ShareLock,t
1439989418.93275,lineitem,97610,ShareLock,t
1439989418.93275,pg_index,98405,AccessShareLock,t
1439989418.93275,pg_locks,98402,AccessShareLock,t
1439989418.93275,pg_stat_activity,98403,AccessShareLock,t
1439989418.93275,pg_stat_all_indexes,98405,AccessShareLock,t
1439989418.93275,pg_stat_all_tables,98406,AccessShareLock,t
1439989418.93275,pg_stat_database,98404,AccessShareLock,t
1439989418.93275,pg_statio_all_indexes,98405,AccessShareLock,t
1439989418.93275,pg_statio_all_tables,98406,AccessShareLock,t
1439989478.93427,lineitem,97612,ShareLock,t
1439989478.93427,lineitem,97610,ShareLock,t
1439989478.93427,pg_locks,98415,AccessShareLock,t
1439989478.93427,pg_namespace,98419,AccessShareLock,t
1439989478.93427,pg_namespace_nspname_index,98419,AccessShareLock,t
1439989478.93427,pg_rewrite,98417,AccessShareLock,t
1439989478.93427,pg_rewrite_rel_rulename_index,98417,AccessShareLock,t
1439989478.93427,pg_stat_activity,98416,AccessShareLock,t
1439989478.93427,pg_stat_all_indexes,98419,AccessShareLock,t
1439989478.93427,pg_stat_all_tables,98417,AccessShareLock,t
1439989478.93427,pg_stat_database,98418,AccessShareLock,t
1439989478.93427,pg_statio_all_indexes,98419,AccessShareLock,t
1439989478.93427,pg_statio_all_tables,98417,AccessShareLock,t
1439989478.93427,pg_statistic,98418,AccessShareLock,t
1439989478.93427,pg_statistic_relid_att_inh_index,98418,AccessShareLock,t
1439989538.93686,lineitem,97612,ShareLock,t
1439989538.93686,lineitem,97610,ShareLock,t
1439989538.93686,pg_index,98432,AccessShareLock,t
1439989538.93686,pg_locks,98429,AccessShareLock,t
1439989538.93686,pg_stat_all_indexes,98432,AccessShareLock,t
1439989538.93686,pg_stat_all_tables,98431,AccessShareLock,t
1439989538.93686,pg_stat_database,98430,AccessShareLock,t
1439989538.93686,pg_statio_all_indexes,98432,AccessShareLock,t
1439989538.93686,pg_statio_all_tables,98431,AccessShareLock,t
1439989598.94659,lineitem,97610,ShareLock,t
1439989598.94659,lineitem,97612,ShareLock,t
1439989598.94659,pg_index,98441,AccessShareLock,t
1439989598.94659,pg_locks,98442,AccessShareLock,t
1439989598.94659,pg_namespace,98441,AccessShareLock,t
1439989598.94659,pg_stat_activity,98445,AccessShareLock,t
1439989598.94659,pg_stat_all_indexes,98441,AccessShareLock,t
1439989598.94659,pg_stat_all_tables,98443,AccessShareLock,t
1439989598.94659,pg_stat_database,98444,AccessShareLock,t
1439989598.94659,pg_statio_all_indexes,98441,AccessShareLock,t
1439989598.94659,pg_statio_all_tables,98443,AccessShareLock,t
1439989658.94334,lineitem,97612,ShareLock,t
1439989658.94334,pg_amproc,98458,AccessShareLock,t
1439989658.94334,pg_amproc_fam_proc_index,98458,AccessShareLock,t
1439989658.94334,pg_index,98457,AccessShareLock,t
1439989658.94334,pg_index,98456,AccessShareLock,t
1439989658.94334,pg_locks,98454,AccessShareLock,t
1439989658.94334,pg_stat_activity,98458,AccessShareLock,t
1439989658.94334,pg_stat_all_indexes,98457,AccessShareLock,t
1439989658.94334,pg_stat_all_tables,98456,AccessShareLock,t
1439989658.94334,pg_stat_database,98455,AccessShareLock,t
1439989658.94334,pg_statio_all_indexes,98457,AccessShareLock,t
1439989658.94334,pg_statio_all_tables,98456,AccessShareLock,t
1439989718.94577,lineitem,97612,ShareLock,t
1439989718.94577,pg_index,98470,AccessShareLock,t
1439989718.94577,pg_index,98471,AccessShareLock,t
1439989718.94577,pg_locks,98469,AccessShareLock,t
1439989718.94577,pg_namespace,98471,AccessShareLock,t
1439989718.94577,pg_stat_all_indexes,98471,AccessShareLock,t
1439989718.94577,pg_stat_all_tables,98470,AccessShareLock,t
1439989718.94577,pg_stat_database,98467,AccessShareLock,t
1439989718.94577,pg_statio_all_indexes,98471,AccessShareLock,t
1439989718.94577,pg_statio_all_tables,98470,AccessShareLock,t
1439989778.94777,lineitem,97612,ShareLock,t
1439989778.94777,pg_index,98483,AccessShareLock,t
1439989778.94777,pg_locks,98480,AccessShareLock,t
1439989778.94777,pg_rewrite,98484,AccessShareLock,t
1439989778.94777,pg_rewrite_rel_rulename_index,98484,AccessShareLock,t
1439989778.94777,pg_stat_activity,98482,AccessShareLock,t
1439989778.94777,pg_stat_all_indexes,98484,AccessShareLock,t
1439989778.94777,pg_stat_all_tables,98483,AccessShareLock,t
1439989778.94777,pg_stat_database,98481,AccessShareLock,t
1439989778.94777,pg_statio_all_tables,98483,AccessShareLock,t
1439989838.95042,lineitem,97612,ShareLock,t
1439989838.95042,pg_index,98504,AccessShareLock,t
1439989838.95042,pg_index,98500,AccessShareLock,t
1439989838.95042,pg_index_indexrelid_index,98500,AccessShareLock,t
1439989838.95042,pg_index_indrelid_index,98500,AccessShareLock,t
1439989838.95042,pg_locks,98502,AccessShareLock,t
1439989838.95042,pg_namespace,98500,AccessShareLock,t
1439989838.95042,pg_namespace,98504,AccessShareLock,t
1439989838.95042,pg_stat_activity,98503,AccessShareLock,t
1439989838.95042,pg_stat_all_indexes,98504,AccessShareLock,t
1439989838.95042,pg_stat_all_tables,98500,AccessShareLock,t
1439989838.95042,pg_stat_database,98501,AccessShareLock,t
1439989838.95042,pg_statio_all_indexes,98504,AccessShareLock,t
1439989838.95042,pg_statio_all_tables,98500,AccessShareLock,t
1439989898.95184,lineitem,97612,ShareLock,t
1439989898.95184,pg_index,98517,AccessShareLock,t
1439989898.95184,pg_index,98516,AccessShareLock,t
1439989898.95184,pg_locks,98515,AccessShareLock,t
1439989898.95184,pg_namespace,98516,AccessShareLock,t
1439989898.95184,pg_namespace,98517,AccessShareLock,t
1439989898.95184,pg_stat_all_indexes,98517,AccessShareLock,t
1439989898.95184,pg_stat_all_tables,98516,AccessShareLock,t
1439989898.95184,pg_stat_database,98513,AccessShareLock,t
1439989898.95184,pg_statio_all_indexes,98517,AccessShareLock,t
1439989898.95184,pg_statio_all_tables,98516,AccessShareLock,t
1439989958.95343,lineitem,97612,ShareLock,t
1439989958.95343,pg_index,98528,AccessShareLock,t
1439989958.95343,pg_locks,98527,AccessShareLock,t
1439989958.95343,pg_rewrite,98530,AccessShareLock,t
1439989958.95343,pg_rewrite_rel_rulename_index,98530,AccessShareLock,t
1439989958.95343,pg_stat_activity,98529,AccessShareLock,t
1439989958.95343,pg_stat_all_indexes,98528,AccessShareLock,t
1439989958.95343,pg_stat_all_tables,98530,AccessShareLock,t
1439989958.95343,pg_stat_database,98526,AccessShareLock,t
1439989958.95343,pg_statio_all_indexes,98528,AccessShareLock,t
1439989958.95343,pg_statio_all_tables,98530,AccessShareLock,t
1439989958.95343,pg_statistic,98529,AccessShareLock,t
1439989958.95343,pg_statistic_relid_att_inh_index,98529,AccessShareLock,t
1439990018.95508,lineitem,97612,ShareLock,t
1439990018.95508,pg_index,98540,AccessShareLock,t
1439990018.95508,pg_locks,98539,AccessShareLock,t
1439990018.95508,pg_stat_activity,98543,AccessShareLock,t
1439990018.95508,pg_stat_all_indexes,98542,AccessShareLock,t
1439990018.95508,pg_stat_all_tables,98540,AccessShareLock,t
1439990018.95508,pg_stat_database,98541,AccessShareLock,t
1439990018.95508,pg_statio_all_indexes,98542,AccessShareLock,t
1439990018.95508,pg_statio_all_tables,98540,AccessShareLock,t
1439990078.95781,lineitem,97612,ShareLock,t
1439990078.95781,pg_index,98555,AccessShareLock,t
1439990078.95781,pg_locks,98554,AccessShareLock,t
1439990078.95781,pg_stat_activity,98553,AccessShareLock,t
1439990078.95781,pg_stat_all_indexes,98555,AccessShareLock,t
1439990078.95781,pg_stat_all_tables,98556,AccessShareLock,t
1439990078.95781,pg_stat_database,98552,AccessShareLock,t
1439990078.95781,pg_statio_all_indexes,98555,AccessShareLock,t
1439990078.95781,pg_statio_all_tables,98556,AccessShareLock,t
1439990138.95937,lineitem,97612,ShareLock,t
1439990138.95937,pg_index,98568,AccessShareLock,t
1439990138.95937,pg_locks,98565,AccessShareLock,t
1439990138.95937,pg_stat_activity,98566,AccessShareLock,t
1439990138.95937,pg_stat_all_indexes,98568,AccessShareLock,t
1439990138.95937,pg_stat_all_tables,98567,AccessShareLock,t
1439990138.95937,pg_stat_database,98569,AccessShareLock,t
1439990138.95937,pg_statio_all_indexes,98568,AccessShareLock,t
1439990138.95937,pg_statio_all_tables,98567,AccessShareLock,t
1439990198.96216,lineitem,97612,ShareLock,t
1439990198.96216,pg_index,98582,AccessShareLock,t
1439990198.96216,pg_locks,98579,AccessShareLock,t
1439990198.96216,pg_namespace,98582,AccessShareLock,t
1439990198.96216,pg_operator,98580,AccessShareLock,t
1439990198.96216,pg_operator_oprname_l_r_n_index,98580,AccessShareLock,t
1439990198.96216,pg_stat_activity,98578,AccessShareLock,t
1439990198.96216,pg_stat_all_indexes,98582,AccessShareLock,t
1439990198.96216,pg_stat_all_tables,98580,AccessShareLock,t
1439990198.96216,pg_stat_database,98581,AccessShareLock,t
1439990198.96216,pg_statio_all_indexes,98582,AccessShareLock,t
1439990198.96216,pg_statio_all_tables,98580,AccessShareLock,t
1439990258.96393,lineitem,97612,ShareLock,t
1439990258.96393,pg_locks,98592,AccessShareLock,t
1439990258.96393,pg_stat_activity,98591,AccessShareLock,t
1439990258.96393,pg_stat_all_indexes,98595,AccessShareLock,t
1439990258.96393,pg_stat_all_tables,98593,AccessShareLock,t
1439990258.96393,pg_stat_database,98594,AccessShareLock,t
1439990258.96393,pg_statio_all_indexes,98595,AccessShareLock,t
1439990258.96393,pg_statio_all_tables,98593,AccessShareLock,t
1439990318.96547,lineitem,97612,ShareLock,t
1439990318.96547,pg_locks,98604,AccessShareLock,t
1439990318.96547,pg_stat_activity,98606,AccessShareLock,t
1439990318.96547,pg_stat_all_indexes,98608,AccessShareLock,t
1439990318.96547,pg_stat_all_tables,98607,AccessShareLock,t
1439990318.96547,pg_stat_database,98605,AccessShareLock,t
1439990318.96547,pg_statio_all_indexes,98608,AccessShareLock,t
1439990318.96547,pg_statio_all_tables,98607,AccessShareLock,t
1439990378.96743,lineitem,97612,ShareLock,t
1439990378.96743,pg_locks,98617,AccessShareLock,t
1439990378.96743,pg_rewrite,98620,AccessShareLock,t
1439990378.96743,pg_rewrite_rel_rulename_index,98620,AccessShareLock,t
1439990378.96743,pg_stat_activity,98618,AccessShareLock,t
1439990378.96743,pg_stat_all_indexes,98621,AccessShareLock,t
1439990378.96743,pg_stat_database,98619,AccessShareLock,t
1439990378.96743,pg_statio_all_indexes,98621,AccessShareLock,t
1439990378.96743,pg_statio_all_tables,98620,AccessShareLock,t
1439990438.96945,lineitem,97612,ShareLock,t
1439990438.96945,pg_locks,98637,AccessShareLock,t
1439990438.96945,pg_stat_activity,98638,AccessShareLock,t
1439990438.96945,pg_stat_all_indexes,98640,AccessShareLock,t
1439990438.96945,pg_stat_all_tables,98641,AccessShareLock,t
1439990438.96945,pg_stat_database,98639,AccessShareLock,t
1439990438.96945,pg_statio_all_indexes,98640,AccessShareLock,t
1439990438.96945,pg_statio_all_tables,98641,AccessShareLock,t
1439990498.97176,lineitem,97612,ShareLock,t
1439990498.97176,pg_locks,98651,AccessShareLock,t
1439990498.97176,pg_stat_all_indexes,98654,AccessShareLock,t
1439990498.97176,pg_stat_all_tables,98653,AccessShareLock,t
1439990498.97176,pg_stat_database,98652,AccessShareLock,t
1439990498.97176,pg_statio_all_indexes,98654,AccessShareLock,t
1439990498.97176,pg_statio_all_tables,98653,AccessShareLock,t
1439990558.97407,lineitem,97612,ShareLock,t
1439990558.97407,pg_index,98665,AccessShareLock,t
1439990558.97407,pg_locks,98664,AccessShareLock,t
1439990558.97407,pg_namespace,98665,AccessShareLock,t
1439990558.97407,pg_operator,98665,AccessShareLock,t
1439990558.97407,pg_operator_oid_index,98665,AccessShareLock,t
1439990558.97407,pg_stat_activity,98667,AccessShareLock,t
1439990558.97407,pg_stat_all_indexes,98665,AccessShareLock,t
1439990558.97407,pg_stat_all_tables,98666,AccessShareLock,t
1439990558.97407,pg_stat_database,98663,AccessShareLock,t
1439990558.97407,pg_statio_all_indexes,98665,AccessShareLock,t
1439990558.97407,pg_statio_all_tables,98666,AccessShareLock,t
1439990618.97566,lineitem,97612,ShareLock,t
1439990618.97566,pg_locks,98676,AccessShareLock,t
1439990618.97566,pg_stat_activity,98677,AccessShareLock,t
1439990618.97566,pg_stat_all_indexes,98680,AccessShareLock,t
1439990618.97566,pg_stat_all_tables,98678,AccessShareLock,t
1439990618.97566,pg_stat_database,98679,AccessShareLock,t
1439990618.97566,pg_statio_all_indexes,98680,AccessShareLock,t
1439990618.97566,pg_statio_all_tables,98678,AccessShareLock,t
1439990678.97794,lineitem,97612,ShareLock,t
1439990678.97794,pg_index,98691,AccessShareLock,t
1439990678.97794,pg_locks,98690,AccessShareLock,t
1439990678.97794,pg_stat_activity,98689,AccessShareLock,t
1439990678.97794,pg_stat_all_indexes,98691,AccessShareLock,t
1439990678.97794,pg_stat_all_tables,98692,AccessShareLock,t
1439990678.97794,pg_stat_database,98693,AccessShareLock,t
1439990678.97794,pg_statio_all_indexes,98691,AccessShareLock,t
1439990678.97794,pg_statio_all_tables,98692,AccessShareLock,t
1439990738.97956,lineitem,97612,ShareLock,t
1439990738.97956,pg_index,98705,AccessShareLock,t
1439990738.97956,pg_index_indrelid_index,98705,AccessShareLock,t
1439990738.97956,pg_locks,98702,AccessShareLock,t
1439990738.97956,pg_rewrite,98704,AccessShareLock,t
1439990738.97956,pg_rewrite,98706,AccessShareLock,t
1439990738.97956,pg_rewrite_rel_rulename_index,98704,AccessShareLock,t
1439990738.97956,pg_rewrite_rel_rulename_index,98706,AccessShareLock,t
1439990738.97956,pg_stat_activity,98703,AccessShareLock,t
1439990738.97956,pg_stat_all_indexes,98706,AccessShareLock,t
1439990738.97956,pg_stat_all_tables,98704,AccessShareLock,t
1439990738.97956,pg_stat_database,98705,AccessShareLock,t
1439990738.97956,pg_statio_all_indexes,98706,AccessShareLock,t
1439990738.97956,pg_statio_all_tables,98704,AccessShareLock,t
1439990798.98291,lineitem,97612,ShareLock,t
1439990798.98291,pg_index,98715,AccessShareLock,t
1439990798.98291,pg_index,98717,AccessShareLock,t
1439990798.98291,pg_locks,98718,AccessShareLock,t
1439990798.98291,pg_namespace,98717,AccessShareLock,t
1439990798.98291,pg_namespace,98715,AccessShareLock,t
1439990798.98291,pg_stat_activity,98716,AccessShareLock,t
1439990798.98291,pg_stat_all_indexes,98717,AccessShareLock,t
1439990798.98291,pg_stat_all_tables,98715,AccessShareLock,t
1439990798.98291,pg_stat_database,98719,AccessShareLock,t
1439990798.98291,pg_statio_all_indexes,98717,AccessShareLock,t
1439990798.98291,pg_statio_all_tables,98715,AccessShareLock,t
1439990858.98528,lineitem,97612,ShareLock,t
1439990858.98528,pg_index,98729,AccessShareLock,t
1439990858.98528,pg_locks,98731,AccessShareLock,t
1439990858.98528,pg_namespace,98729,AccessShareLock,t
1439990858.98528,pg_stat_all_indexes,98729,AccessShareLock,t
1439990858.98528,pg_stat_all_tables,98730,AccessShareLock,t
1439990858.98528,pg_stat_database,98728,AccessShareLock,t
1439990858.98528,pg_statio_all_indexes,98729,AccessShareLock,t
1439990858.98528,pg_statio_all_tables,98730,AccessShareLock,t
1439990918.98639,lineitem,97612,ShareLock,t
1439990918.98639,pg_index,98745,AccessShareLock,t
1439990918.98639,pg_index,98741,AccessShareLock,t
1439990918.98639,pg_locks,98743,AccessShareLock,t
1439990918.98639,pg_namespace,98741,AccessShareLock,t
1439990918.98639,pg_namespace,98745,AccessShareLock,t
1439990918.98639,pg_stat_activity,98744,AccessShareLock,t
1439990918.98639,pg_stat_all_indexes,98745,AccessShareLock,t
1439990918.98639,pg_stat_all_tables,98741,AccessShareLock,t
1439990918.98639,pg_stat_database,98742,AccessShareLock,t
1439990918.98639,pg_statio_all_indexes,98745,AccessShareLock,t
1439990918.98639,pg_statio_all_tables,98741,AccessShareLock,t
1439990978.98818,lineitem,97612,ShareLock,t
1439990978.98818,pg_index,98759,AccessShareLock,t
1439990978.98818,pg_locks,98755,AccessShareLock,t
1439990978.98818,pg_stat_activity,98757,AccessShareLock,t
1439990978.98818,pg_stat_all_indexes,98758,AccessShareLock,t
1439990978.98818,pg_stat_all_tables,98759,AccessShareLock,t
1439990978.98818,pg_stat_database,98756,AccessShareLock,t
1439990978.98818,pg_statio_all_indexes,98758,AccessShareLock,t
1439990978.98818,pg_statio_all_tables,98759,AccessShareLock,t
1439991038.99025,lineitem,98769,ShareUpdateExclusiveLock,t
1439991038.99025,lineitem_l_orderkey_idx,98769,RowExclusiveLock,t
1439991038.99025,lineitem_l_orderkey_idx_l_returnflag,98769,RowExclusiveLock,t
1439991038.99025,lineitem_l_orderkey_idx_part1,98769,RowExclusiveLock,t
1439991038.99025,lineitem_l_orderkey_idx_part2,98769,RowExclusiveLock,t
1439991038.99025,lineitem_l_orderkey_l_linenumber_l_shipdate_idx,98769,RowExclusiveLock,t
1439991038.99025,lineitem_l_partkey_l_quantity_l_shipmode_idx,98769,RowExclusiveLock,t
1439991038.99025,lineitem_l_shipdate_l_suppkey__idx,98769,RowExclusiveLock,t
1439991038.99025,pg_index,98781,AccessShareLock,t
1439991038.99025,pg_index,98778,AccessShareLock,t
1439991038.99025,pg_locks,98780,AccessShareLock,t
1439991038.99025,pg_namespace,98778,AccessShareLock,t
1439991038.99025,pg_namespace,98781,AccessShareLock,t
1439991038.99025,pg_stat_activity,98779,AccessShareLock,t
1439991038.99025,pg_stat_all_indexes,98781,AccessShareLock,t
1439991038.99025,pg_stat_all_tables,98778,AccessShareLock,t
1439991038.99025,pg_stat_database,98777,AccessShareLock,t
1439991038.99025,pg_statio_all_indexes,98781,AccessShareLock,t
1439991038.99025,pg_statio_all_tables,98778,AccessShareLock,t
1439991038.99025,pk_lineitem,98769,RowExclusiveLock,t
1439991098.9916,lineitem,98769,ShareUpdateExclusiveLock,t
1439991098.9916,lineitem_l_orderkey_idx,98769,RowExclusiveLock,t
1439991098.9916,lineitem_l_orderkey_idx_l_returnflag,98769,RowExclusiveLock,t
1439991098.9916,lineitem_l_orderkey_idx_part1,98769,RowExclusiveLock,t
1439991098.9916,lineitem_l_orderkey_idx_part2,98769,RowExclusiveLock,t
1439991098.9916,lineitem_l_orderkey_l_linenumber_l_shipdate_idx,98769,RowExclusiveLock,t
1439991098.9916,lineitem_l_partkey_l_quantity_l_shipmode_idx,98769,RowExclusiveLock,t
1439991098.9916,lineitem_l_shipdate_l_suppkey__idx,98769,RowExclusiveLock,t
1439991098.9916,pg_locks,98790,AccessShareLock,t
1439991098.9916,pg_rewrite,98791,AccessShareLock,t
1439991098.9916,pg_rewrite_rel_rulename_index,98791,AccessShareLock,t
1439991098.9916,pg_stat_activity,98789,AccessShareLock,t
1439991098.9916,pg_stat_all_indexes,98792,AccessShareLock,t
1439991098.9916,pg_stat_all_tables,98791,AccessShareLock,t
1439991098.9916,pg_stat_database,98793,AccessShareLock,t
1439991098.9916,pg_statio_all_indexes,98792,AccessShareLock,t
1439991098.9916,pg_statio_all_tables,98791,AccessShareLock,t
1439991098.9916,pk_lineitem,98769,RowExclusiveLock,t
1439991158.9931,lineitem,98769,ShareUpdateExclusiveLock,t
1439991158.9931,lineitem_l_orderkey_idx,98769,RowExclusiveLock,t
1439991158.9931,lineitem_l_orderkey_idx_l_returnflag,98769,RowExclusiveLock,t
1439991158.9931,lineitem_l_orderkey_idx_part1,98769,RowExclusiveLock,t
1439991158.9931,lineitem_l_orderkey_idx_part2,98769,RowExclusiveLock,t
1439991158.9931,lineitem_l_orderkey_l_linenumber_l_shipdate_idx,98769,RowExclusiveLock,t
1439991158.9931,lineitem_l_partkey_l_quantity_l_shipmode_idx,98769,RowExclusiveLock,t
1439991158.9931,lineitem_l_shipdate_l_suppkey__idx,98769,RowExclusiveLock,t
1439991158.9931,pg_locks,98802,AccessShareLock,t
1439991158.9931,pg_rewrite,98806,AccessShareLock,t
1439991158.9931,pg_rewrite,98805,AccessShareLock,t
1439991158.9931,pg_rewrite_rel_rulename_index,98805,AccessShareLock,t
1439991158.9931,pg_rewrite_rel_rulename_index,98806,AccessShareLock,t
1439991158.9931,pg_stat_activity,98803,AccessShareLock,t
1439991158.9931,pg_stat_all_indexes,98805,AccessShareLock,t
1439991158.9931,pg_stat_all_tables,98806,AccessShareLock,t
1439991158.9931,pg_stat_database,98804,AccessShareLock,t
1439991158.9931,pg_statio_all_indexes,98805,AccessShareLock,t
1439991158.9931,pg_statio_all_tables,98806,AccessShareLock,t
1439991158.9931,pg_statistic,98804,AccessShareLock,t
1439991158.9931,pg_statistic_relid_att_inh_index,98804,AccessShareLock,t
1439991158.9931,pk_lineitem,98769,RowExclusiveLock,t
